author,content,description,publishedAt,source.name,title,url,urlToImage
weston blasi,college basketball featured arguably its biggest rivalry last night with a matchup between hoop royalties duke and north carolina the story of the night was zion williamson busting through his shoe but that wasnt the only piece of gear that people were tal 2516 chars,the internet was buzzing about his black bomber jacket with 44 on the sleeve,2019-02-21 22:24:00,marketwatch,president obamas bomber jacket was the biggest star at the dukeunc game  marketwatch,https://www.marketwatch.com/story/the-biggest-star-from-last-nights-duke-unc-game-was-president-obamas-jacket-2019-02-21,http://s.marketwatch.com/public/resources/MWimages/MW-HE382_obamaj_ZG_20190221155732.jpg
jana barnello,syracuse ny in a matter of hours syracuse mens basketball coach jim boeheim went from a celebratory win at the carrier dome to being involved in a deadly crash along i690 here is what cnycentral has learned about the timeline of events wednesday night  1546 chars,in a matter of hours syracuse menrsquos basketball coach jim boeheim went from a celebratory win at the carrier dome to being involved in a deadly crash along i690 here is what cnycentral has learned about the timeline of events wednesday night the syra,2019-02-21 21:52:28,cnycentral,boeheim timeline from big win over louisville to tragic accident on i690  cnycentralcom,https://cnycentral.com/news/local/boeheim-timeline-from-big-win-over-louisville-to-tragic-accident-on-i-690,http://static-41.sinclairstoryline.com/resources/media/cf2f0bbe-43fc-485c-b64c-1f19d67bf8ec-large16x9_BOEHEIMSTILL2.jpg?1550783828082
,the washington capitals acquired carl hagelin from the los angeles kings thursday afternoon its the second time hagelin has been traded this season in his first public comments since being dealt hagelin spoke to swedish outlet aftonbladet about his happi 1270 chars,the washington capitals acquired carl hagelin from the los angeles kings thursday afternoon its the second time hagelin has been traded this season in his first public comments since being dealt hagelin spoke to swedish outlet aftonbladet about his happi,2019-02-21 21:50:30,russianmachineneverbreaks,carl hagelin on trade to capitals im really excited  russian machine never breaks,https://russianmachineneverbreaks.com/2019/02/21/carl-hagelin-on-trade-to-capitals-im-really-excited/,https://i1.wp.com/russianmachineneverbreaks.com/wp-content/uploads/2019/02/carl-hagelin-stanley-cup-win.jpg?fit=1014%2C507&ssl=1
,,,2019-02-21 21:50:28,youtube,zion should snub nike and start a shoe war if he plays for duke again  tracy mcgrady  the jump  espn,https://www.youtube.com/watch?v=Zf3B9b4otSs,
,since his abrupt retirement from the nfl after the 2015 season calvin johnson has made it clear he doesnt miss playing football now we might have another idea why it turns out the former detroit lions wide receiver has been working behind the scenes to st 1593 chars,johnson and his wife brittney have the preliminary ok from michigans licensing board,2019-02-21 21:38:00,cbssports,former lions star calvin johnson approved for medical marijuana business in detroit  cbs sports,https://www.cbssports.com/nfl/news/former-lions-star-calvin-johnson-approved-for-medical-marijuana-business-in-detroit/,https://sportshub.cbsistatic.com/i/r/2016/06/13/e8e8e72b-58e8-4c39-b650-5ee2632cea3d/thumbnail/770x433/a7d72bb3fe76356ae6e3f17511d18f5e/calvin-johnson-orlando-shooting.jpg
,houston rockets general manager daryl morey joins colin cowherd in studio on todays show morey talks about how impressed he is with james hardens scoring ability chris pauls impact competing with the golden state warriors and why nba ownership makes the 1309 chars,houston rockets general manager daryl morey joins colin cowherd in studio on todays show morey talks about how impressed he is with james hardens scoring ,2019-02-21 21:30:35,youtube,daryl morey on james hardens historic scoring pace cp3 impact  rocketswarriors  nba  the herd  the herd with colin cowherd,https://www.youtube.com/watch?v=ShFLaKHyc98,https://i.ytimg.com/vi/ShFLaKHyc98/maxresdefault.jpg
scott lauber,clearwater fla jean segura was a top100 prospect and a likely future majorleague shortstop in other words no slouch when he went to play in the arizona fall league in 2011 yet he still recalls being slackjawed whenever he turned and saw the two young p 4165 chars,it was kind of crazy segura said of seeing harper and trout in the same outfield could it happen again someday with the phillies,2019-02-21 21:08:53,philly,bryce harper and mike trout on the same team phillies shortstop jean segura knows what that looks like  phillycom,https://www.philly.com/phillies/philadelphia-phillies-jean-segura-bryce-harper-mike-trout-mlb-20190221.html,https://www.philly.com/resizer/iqLLu_oi73ap_ti9nXlVFVIb14U=/1200x0/center/middle/www.philly.com/resizer/Wo9lumXhDL_y0y9z3ZvEEMQo29g=/1200x0/center/middle/arc-anglerfish-arc2-prod-pmn.s3.amazonaws.com/public/BN7TVXDO7JCSROCWIIPQPPRBI4.jpg
,nebraska basketball coach tim miles took to social media thursday to apologize for a flippant remark he made earlier this week about the possibility of being fired by the school the former north dakota state coach said on a podcast sunday that im still a 1279 chars,news sports opinion entertainment business lifestyle milestones obituaries and weather for fargo nd,2019-02-21 21:00:00,inforum,nebraskas tim miles a former ndsu coach apologizes for flippant millionaire remark  inforum,https://www.inforum.com/sports/basketball/974710-Nebraskas-Tim-Miles-a-former-NDSU-coach-apologizes-for-flippant-millionaire-remark,https://www.fccnn.com/incoming/974717-qxpig8-Nebraska-Cornhuskers-head-coach-Tim-Miles/alternates/BASE_LANDSCAPE/Nebraska%20Cornhuskers%20head%20coach%20Tim%20Miles
,time was when a decorated frontline closer like craig kimbrel would have long ago been snatched up from the market this however is the winter of 201819 and for a variety of reasons the free agent market isnt what it used to be in kimbrels case hes  3151 chars,theres a reason why the onceelite closer is still unsigned,2019-02-21 20:57:00,cbssports,why has craig kimbrels free agent market been so quiet numbers show his days as a lockdown closer are likely over  cbs sports,https://www.cbssports.com/mlb/news/why-has-craig-kimbrels-free-agent-market-been-so-quiet-numbers-show-his-days-as-a-lockdown-closer-are-likely-over/,https://sportshub.cbsistatic.com/i/r/2019/02/21/9bee5b1b-e0a6-4584-a910-f8d9ab02ca08/thumbnail/770x433/f7fa21c39ab24e842742684c12d2504e/craig-kimbrel.jpg
bob hohler  reporter,nick cafardo the boston globes nationally recognized and widely respected baseball columnist died thursday in fort myers fla he was 62 cafardos love of baseball and commitment to his craft compelled him to report to jetblue park the spring training ho 2561 chars,cafardo who joined the globe in 1989 was one of bostons most prominent sports reporters,2019-02-21 20:51:00,bostonglobe,veteran globe baseball writer nick cafardo dies at 62  the boston globe,https://www.bostonglobe.com/sports/2019/02/21/veteran-globe-baseball-writer-nick-cafardo-dies/2ApW3rmk8q7I5qfeOmOjfL/story.html,https://www.bostonglobe.com/rf/image_585w/Boston/2011-2020/2019/02/21/BostonGlobe.com/Sports/Images/cafardo_alt_image.jpg
josh alper,the saints signed safety kurt coleman to a threeyear contract as a free agent last offseason but it does not appear he will be around for the end of that deal mike garafolo of nfl media reports that the saints are set to release coleman colemans contract 501 chars,the saints signed safety kurt coleman to a threeyear contract as a free agent last offseason but it does not appear he will be around for the end of that deal mike garafolo of nfl media reports that the saints are set to release coleman colemans contract,2019-02-21 20:33:00,nbcsports,saints expected to release kurt coleman  nbc sports,http://profootballtalk.nbcsports.com/2019/02/21/saints-expected-to-release-kurt-coleman/,https://nbcprofootballtalk.files.wordpress.com/2019/02/gettyimages-1093785094-e1550781220343.jpg
peter_bukowski,ted thompson was always a tight poker player when he bet you knew he had something and hed wait you out anticipating his move when he had pocket queens and could attack to borrow a phrase from marshawn lynch brian gutekunst is much more about that actio 5826 chars,with a closing window with aaron rodgers brian gutekunst aggressively spent last offseason whats the best way to maximize rodgers and this teams talent in 2019,2019-02-21 20:30:00,acmepackinpany,what does going all in look like for the packers this offseason  acme packing company,https://www.acmepackingcompany.com/free-agency-2019-green-bay-packers/2019/2/21/18234968/packers-free-agency-2019-nfl-offseason-trade-rumors-antonio-brown,https://cdn.vox-cdn.com/thumbor/HqsK3fDRjdMzzCgAkqLqd0nAc6I=/0x0:1849x968/fit-in/1200x630/cdn.vox-cdn.com/uploads/chorus_asset/file/14146446/1067694922.jpg.jpg
,after four days and 32 hours ontrack action we reach the end of the first formula 1 preseason test of 2019 the amount of mileage that has been covered this week has been mighty impressive but who had the most reasons to smile on day four we delve into t 5088 chars,we crunch the numbers to see which formula 1 team had the best of it  and who struggled  on day four of preseason testing,2019-02-21 20:14:30,formula1,f1 testing performance analysis what the data tells us from day 4 in barcelona  formula 1  formula 1,https://www.formula1.com/en/latest/article.f1-testing-what-the-data-tells-us-from-day-4.1IeP1ibRQoToJ4u2IpnvnZ.html,https://www.formula1.com/content/dam/fom-website/manual/Misc/Performance-Analysis/performance-article-v02.jpg
charles bradley,jeffrey is the 29yearold grandson of the legendary seventime nascar cup series champion dale earnhardt and has amassed more than 150 starts across nascars three national series cup xfinity and trucks hes on a ninerace deal with joe gibbs racing and sta 4925 chars,last weekend at daytona toyota brought the supra model to nascar in the xfinity series opener at daytona although it didnt win it led its first laps in jeffrey earnhardts hands brandon jones finished third and hotshot prospect christopher bell pulled s,2019-02-21 20:09:24,motorsport,an earnhardt led at daytona in a supra how did that happen  motorsportcom edition global,https://www.motorsport.com/nascar-xs/news/earnhardt-daytona-toyota-supra-jeffrey/4341930/,https://cdn-7.motorsport.com/images/amp/0L198yj2/s6/jeffrey-earnhardt-joe-gibbs-ra.jpg
,arsenal cruised past belorussian side bate borisov 30 in europa league action on thursday night to advance to the round of 16 the win at emirates stadium ensured a 31 aggregate victory for the gunners who lost the first leg to the belorussian side last we 1154 chars,get a report of the arsenal vs bate borisov 201819 uefa europa league round of 32 football match,2019-02-21 20:00:46,espn,arsenal vs bate borisov  football match report  february 21 2019  espn,http://www.espn.com/soccer/report?gameId=530664,https://a4.espncdn.com/combiner/i?img=%2Fphoto%2F2019%2F0221%2Fr504885_1296x729_16%2D9.jpg
associated press,lawrence kan ap  court documents say a former volunteer volleyball coach at the university of kansas stole dozens of pairs of underwear from players and catalogued them in labeled plastic storage containers the lawrence journalworld reports that the po 624 chars,court documents say a former volunteer volleyball coach at the university of kansas stole dozens of pairs of underwear from players and catalogued them in labeled plastic storage containers,2019-02-21 20:00:00,kake,wichita kansas news weather sports  affidavit former kansas volleyball coach catalogued stolen unde  kake,http://www.kake.com/story/40004797/affidavit-former-kansas-volleyball-coach-catalogued-stolen-underwear,https://KAKE.images.worldnow.com/images/18140082_G.jpg?lastEditedDate=20190221145930
daniel murphy,uefa have released a statement defending the use of var in man citys 32 champions league win over schalke on wednesday and say that var protocol correctly applied for two penalty decisions the controversy arose during a 10minute period in the first half 3077 chars,schalke were awarded two penalties in dubious circumstances against manchester city in the champions league,2019-02-21 19:43:00,manchestereveningnewscouk,uefa release statement over var decisions in man citys champions league clash against schalke  manchester evening news,https://www.manchestereveningnews.co.uk/sport/football/football-news/man-city-var-schalke-champions-15868726,https://i2-prod.manchestereveningnews.co.uk/incoming/article15868722.ece/ALTERNATES/s1200/0_GettyImages-1126280233.jpg
mike griffith,athens georgia sophomore star nicolas claxton might still be in shock after seeing his team fight back from 17 points down only to lose on a freethrow with 05 seconds left on wednesday night the calls in the final minutes of the game that went against uga  2253 chars,athens  georgia sophomore star nicolas claxton might still be in shock after seeing his team fight back from 17 points down only to lose on a freethrow with 05,2019-02-21 19:32:28,dawgnation,georgia basketball extremely strange ending makes national headlines  dawgnation,https://www.dawgnation.com/football/team-news/georgia-bkc-claxton-howland-crean-sec,"https://res.cloudinary.com/dawgnation/image/upload/c_crop,g_north_west,h_3235,w_6136,x_0,y_261/f_auto,q_auto/h_624,w_1184/v1550777165/IMG_8042_a45w83.jpg"
shaun alshatti,former ufc heavyweight champion cain velasquez led the disclosed payroll for ufc phoenix cashing a sixfigure sum for his unsuccessful return against francis ngannou the arizona department of gaming released the events finalized salary information on thursd 2014 chars,former ufc heavyweight champion cain velasquez led the disclosed payroll for ufc phoenix cashing a sixfigure sum for his unsuccessful return against francis ngannou,2019-02-21 19:15:35,mmafighting,ufc phoenix salaries cain velasquez earns 450000 in unsuccessful ufc return  mma fighting,https://www.mmafighting.com/2019/2/21/18235025/ufc-phoenix-salaries-cain-velasquez-earns-450000-in-unsuccessful-ufc-return,https://cdn.vox-cdn.com/thumbor/qAAIl8OLN3HJAJUZxe-XrrSPsQk=/0x73:1920x1078/fit-in/1200x630/cdn.vox-cdn.com/uploads/chorus_asset/file/13860470/300_Cain_Velasquez.jpg
mike florio,with all the recent talk about the brandnew aaf and the comingbacknextyear xfl an alternative football league that has been around for more than 30 years and that helped develop a hall of fame quarterback would like you to know it still exists its the  1279 chars,with all the recent talk about the brandnew aaf and the comingbacknextyear xfl an alternative football league that has been around for more than 30 years and that helped develop a hall of fame quarterback would like you to know it still exists its the ,2019-02-21 19:08:00,nbcsports,the afl wants you to know it still exists  nbc sports,http://profootballtalk.nbcsports.com/2019/02/21/the-afl-wants-you-to-know-it-still-exists/,https://nbcprofootballtalk.files.wordpress.com/2012/06/image-12.jpg
michael david smith,keep marvin lewis that from a bills and colts fan get out of my tragedy man mls oc last year was bill lazor currently unemployed bill lazor prior to that the oc was ken zampese currently unemployed ken zampese for what its worth zampeses tenure a 435 chars,the bengals have a defensive coordinator finally lou anarumo will be the bengals defensive coordinator according to multiple reports ending a long search that didnt begin in earnest until new head coach zac taylor finished coaching the rams in the super,2019-02-21 18:58:00,nbcsports,bengals hire lou anarumo as defensive coordinator  nbc sports,https://profootballtalk.nbcsports.com/2019/02/21/bengals-hire-lou-anarumo-as-defensive-coordinator/,https://nbcprofootballtalk.files.wordpress.com/2019/02/gettyimages-588947342-e1550594779601.jpg
,scottsdale ariz  the sluggish freeagent market the past two years has not scared colorado rockies third baseman nolan arenado who could be among the prizes in the 2020 pool im not afraid of it at all arenado said it doesnt have an effect on me  3101 chars,rockies star nolan arenado who will be a free agent next winter if he doesnt reach an agreement on a longterm deal says the current state of the freeagent market is sad,2019-02-21 18:49:53,espn,nolan arenado of colorado rockies says state of freeagent market is sad  espn,http://www.espn.com/mlb/story/_/id/26047818/nolan-arenado-colorado-rockies-says-state-free-agent-market-sad,https://a4.espncdn.com/combiner/i?img=%2Fphoto%2F2018%2F1002%2Fr440677_1296x729_16%2D9.jpg
emily lawler  elawlermlivecom,lansing mi attorney general dana nessel is taking on the investigation of a twistars gymnastics coach and continuing to seek cooperation in the investigation of michigan state university she announced thursday former twistars owner and coach john geddert r 3581 chars,the ag will take on the geddert investigation which was previously being handled by the eaton county prosecutor,2019-02-21 18:46:00,mlive,attorney general to investigate twistars coach still seeking cooperation from msu  mlivecom,https://www.mlive.com/news/2019/02/attorney-general-to-investigate-twistars-coach-still-seeking-cooperation-from-msu.html,https://i.mlive.com/resizer/ViiWQ4BcWrPHj23GxbJf5l-fY1A=/620x0/arc-anglerfish-arc2-prod-advancelocal/public/JCKIQZEEMVCCZBEO75CLK3RDEI.JPG
,montreal can the flyers keep it rolling on the road the flyers 28257 63 pts face the montreal canadiens 32217 71 pts at the bell centre looking to win their sixth straight away from home the flyers have not lost a game outside of philadelphia si 3140 chars,after the league suspended radko gudas two games for highsticking interim head coach scott gordon will get creative reshuffling his defensive pairings by john boruk,2019-02-21 18:44:24,nbcsports,flyers respond to gudas suspension myers to play a bigger role  nbcsportscom,https://www.nbcsports.com/philadelphia/flyers/flyers-respond-radko-gudas-suspension-philippe-myers-to-play-a-bigger-role,https://www.nbcsports.com/philadelphia/sites/csnphilly/files/2019/02/21/ap_radko_gudas_flyers.jpg
samer kalaf,the steelers gleaned no lessons from the leveon bell fiasco huh not only are they happy to let their relationship with receiver antonio brown wither away but the front office has made sure to emphasize that quarterback ben roethlisberger is the only player 1096 chars,the steelers gleaned no lessons from the leveon bell fiasco huh not only are they happy to let their relationship with receiver antonio brown wither away but the front office has made sure to emphasize that quarterback ben roethlisberger is the only playe,2019-02-21 18:39:00,deadspin,the steelers are happy to let ben roethlisberger feel as important as he thinks he is  deadspin,https://deadspin.com/the-steelers-are-happy-to-let-ben-roethlisberger-feel-a-1832788147,"https://i.kinja-img.com/gawker-media/image/upload/s--6xxnrsrm--/c_fill,fl_progressive,g_center,h_900,q_80,w_1600/bhvxxrraosk2k6itab2y.jpg"
dave melton,in many ways wednesday nights moredifficultthanithadtobe 54 overtime victory over the red wings is a perfect encapsulation of the last month with the 201819 blackhawks chicago flexed its offensive muscles early with many of the usual suspects contr 3266 chars,insert obligatory they are who we thought they were reference here,2019-02-21 18:38:08,secondcityhockey,blackhawks offer reminder of who they are in ot win over red wings  second city hockey,https://www.secondcityhockey.com/2019/2/21/18234908/chicago-blackhawks-detroit-red-wings-results-scores-reactions-analysis-commentary,https://cdn.vox-cdn.com/thumbor/PY6IMMHPjuAFZl6KBOHDIVB-Mxg=/0x0:4053x2122/fit-in/1200x630/cdn.vox-cdn.com/uploads/chorus_asset/file/14143875/1131048795.jpg.jpg
rich jones,chelsea legend frank lampard admits hes not surprised by speculation linking him with the top job at stamford bridge the former midfield maestro has been tipped as a potential replacement for underfire maurizio sarri with pressure mounting on the strugglin 1403 chars,the stamford bridge legend has been tipped as maurizio sarris successor and has responded to rumours,2019-02-21 18:26:00,mirror,frank lampard responds to chelsea manager speculation  mirror online,https://www.mirror.co.uk/sport/football/news/frank-lampard-responds-chelsea-manager-14033355,https://i2-prod.mirror.co.uk/incoming/article14012933.ece/ALTERNATES/s1200/0_Brighton-Hove-Albion-v-Derby-County-The-Emirates-FA-Cup-Fifth-Round-Football-Amex-Stadium-Brig.jpg
steven marrocco,photos best of georges stpierre montreal georges stpierre tried to make a fight with khabib nurmagomedov before he decided to retire from competition but alas the ufc had other plans for the current lightweight champion stpierre 262 mma 202 ufc sa 3201 chars,georges stpierre tried to make a fight with khabib nurmagomedov before he decided to retire but alas the ufc had other plans for the current lightweight champion,2019-02-21 18:25:00,mmajunkie,georges stpierre excited by khabib nurmagomedov offer but ufc has other plans  mmajunkie,https://mmajunkie.com/2019/02/georges-st-pierre-excited-by-khabib-nurmagomedov-offer-ufc-other-plans,https://usatmmajunkie.files.wordpress.com/2019/02/georges-st-pierre-retirement-news-conference-ap-4.jpg?w=1000&h=576&crop=1
,mexico city  tiger woods said he will skip his hometown honda classic next week and has committed to the arnold palmer invitational and the players championship a busy spring schedule has been the subject of much conjecture for woods who is playing his th 1463 chars,tiger woods said he will skip his hometown honda classic next week and has committed to the arnold palmer invitational and the players championship,2019-02-21 18:19:07,espn,tiger woods to skip honda classic play in arnold palmer invitational players championship  espn,http://www.espn.com/golf/story/_/id/26047757/tiger-woods-skip-honda-classic-play-arnold-palmer-invitational-players-championship,https://a2.espncdn.com/combiner/i?img=%2Fphoto%2F2019%2F0216%2Fr502700_1296x729_16%2D9.jpg
httpsfacebookcom670thescore httpsfacebookcom670thescore,glendale ariz 670 the score  with the white sox losing out in the manny machado sweepstakes the path for touted infielder prospect nick madrigal ascending to the big leagues appears clear the no 4 overall pick in the 2018 amateur draft madrigal coul 2197 chars,this is a young man who is extremely gifted rick renteria says,2019-02-21 18:12:33,radio,sox prospect nick madrigal not far from big leagues  670 the score,https://670thescore.radio.com/white-sox-prospect-nick-madrigal-close-big-league-promotion,https://s3.us-east-2.amazonaws.com/s3.wscram.radio.com/Nick_Madrigal_4.jpg
jack benyon,daniel ricciardo had set the second fastest time in the morning for renault but teammate hulkenberg shone when he took the reins on thursday afternoon using pirellis softest tyres the c5 he set the top time of 1m17393s with an hour and a half to go 024 3538 chars,renault formula 1 driver nico hulkenberg snatched the fastest time of the first week of 2019 preseason testing in barcelona on the final day,2019-02-21 18:02:53,motorsport,hulkenberg tops opening week of barcelona f1 testing  motorsportcom,https://www.motorsport.com/f1/news/hulkenberg-renault-barcelona-test-day-four/4341907/,https://cdn-8.motorsport.com/images/amp/2549yeM0/s6/nico-hulkenberg-renault-f1-tea.jpg
bseltzer,the 76ers have played the majority of their schedule but the 24 games that remain figure to be the most telling yet going into last weeks allstar game break the club was in a good place at this stage of the year their 3721 record makes a topfive finis 3535 chars,the 76ers have played the majority of their schedule but the 24 games that remain figure to be the most telling yetgoing into last weeks allstar game break the club was in a good place at this stage of the year their 3721 record makes a topfive finis,2019-02-21 17:32:54,nba,setting tone for home stretch  philadelphia 76ers  sixerscom,https://www.nba.com/sixers/news/setting-tone-home-stretch,https://www.nba.com/sixers/sites/sixers/files/styles/mobile__700x500_/public/red_vs_denver_2.8.19-52_0.jpg?itok=V8TwD3Hz
dj siddiqi,it looks like lebron james is turning on the jets for the playoff push as the los angeles lakers look to clinch a postseason berth for the first time in six years theyll need a monumental effort from the fourtime mvp in order to do so the lakers 2829  3057 chars,lebron understands the amount of work required to get 10thplace los angeles into the postseason,2019-02-21 17:28:00,cbssports,lebron james says hes raising his intensity to playoff level as he prepares lakers for secondhalf push  cbs sports,https://www.cbssports.com/nba/news/lebron-james-says-hes-raising-his-intensity-to-playoff-level-as-he-prepares-lakers-for-second-half-push/,https://sportshub.cbsistatic.com/i/r/2019/02/21/b15a59a6-7435-4a60-b3fa-eb1ab75d3af7/thumbnail/770x433/48b832d31a8322032e019f6d921cbae0/lebron-intensity.jpg
tom ley,atletico madrid put together an impressive 20 victory over juventus in the champions league yesterday and manager diego simeone was caught uh expressing himself after josé maría giménez put his team up 10 in the 78th minute as you can see in the gif abo 1036 chars,atletico madrid put together an impressive 20 victory over juventus in the champions league yesterday and manager diego simeone was caught uh expressing himself after josé maría giménez put his team up 10 in the 78th minute as you can see in the gif abo,2019-02-21 17:16:00,deadspin,diego simeone explains ballgrabbing celebration it means we have balls a lot of balls  deadspin,https://deadspin.com/diego-simeone-explains-ball-grabbing-celebration-it-m-1832788638,"https://i.kinja-img.com/gawker-media/image/upload/s--WSwp7IYe--/c_fill,fl_progressive,g_center,h_900,q_80,w_1600/zdcsjdc1zep5ruwnptva.jpg"
,owings mills md  the baltimore ravens and cornerback tavon young have agreed to a threeyear 258 million extension a source told espns adam schefter on thursday the deal which has a max value of 29 million and will make young the nfls highestpai 1361 chars,tavon young who had two fumble recoveries and an interception last season and has become one of the top nickelbacks in the nfl has reached an extension with the ravens sources told espn,2019-02-21 17:13:17,espn,baltimore ravens cb tavon young agree to extension  espn,http://www.espn.com/nfl/story/_/id/26047022/baltimore-ravens-cb-tavon-young-agree-extension,https://a2.espncdn.com/combiner/i?img=%2Fphoto%2F2017%2F0611%2Fr218781_1296x729_16%2D9.jpg
christinamontford,colin kaepernick can now rest a little easier at night on friday kaepernick and eric reid settled their collusion case against the nfl this settlement comes over 16 months after the complaint was filed the complaint claimed that the nfl teams were working 2936 chars,which team will colin kaepernick sign with,2019-02-21 17:13:13,cheatsheet,is colin kaepernick signing with the patriots  the cheat sheet,https://www.cheatsheet.com/entertainment/is-colin-kaepernick-signing-with-the-patriots.html/,https://www.cheatsheet.com/wp-content/uploads/2016/05/cs-logo.png
stephen white,im honestly quite excited to see ed oliver develop on the next level because im pretty sure he is about to take a huge leap forward as a player in the nfl oliver played the hell out of a zero nose in college but i dont think anyone believes thats where hell 15301 chars,retired nfl lineman stephen white breaks down why hes so excited to see a team use oliver the right way,2019-02-21 17:08:22,sbnation,nfl draft 2019 ed oliver can be a special pass rusher at next level  sb nation,https://www.sbnation.com/nfl/2019/2/21/18232987/nfl-draft-2019-ed-oliver-scouting-report-breakdown-pass-rusher,https://cdn.vox-cdn.com/thumbor/ITweRqSNJ_D5cfBeBtsAdQNSb3E=/0x94:2000x1141/fit-in/1200x630/cdn.vox-cdn.com/uploads/chorus_asset/file/14138129/NFL_OS_Tier_2.jpg
,free agency is set to begin in just a few weeks which means there are a whole lot of players around the league who will be finding new teams pretty soon as recently as wednesday it appeared that new york giants safety landon collins would be one of those p 2437 chars,collins does not want to be tagged and would reportedly skip out on spring activities if he is,2019-02-21 17:06:00,cbssports,franchise tag reportedly still likely for landon collins even after locker cleanout  cbs sports,https://www.cbssports.com/nfl/news/franchise-tag-reportedly-still-likely-for-landon-collins-even-after-locker-clean-out/,https://sportshub.cbsistatic.com/i/r/2018/04/11/0f38987c-f2d5-4a7d-801f-d9127fd7191d/thumbnail/770x433/b21d9c33e2495dded8ccb3f353c5fea2/usatsi-10499097.jpg
andy benoit,antonio brown is available for trade and predicting where he will land or what the steelers will get in return is like guessing where the pill will stop on a roulette wheel never has the destination for an nfl star on the trading block been so difficult t 5179 chars,antonio brown is the type of athlete that could fit into any teams offensive scheme and if the wr accepts a restructured contract into any teams payroll as well which makes predicting a possible trade a more than difficult task,2019-02-21 17:01:31,si,best landing spot for antonio brown any of the nfls other 31 teams  sports illustrated,https://www.si.com/nfl/2019/02/21/antonio-brown-trade-steelers-landing-spots,https://imagesvc.timeincapp.com/v3/mm/image?url=https://cdn-s3.si.com/images/antonio-brown-trade-steelers-landing-spots-teams.jpg&w=1200&h=628&c=sc&poi=face&q=85
matt breen,clearwater fla the sting of being outbid for manny machado proved to be enough motivation for the phillies to heighten their pursuit of bryce harper and a source said thursday afternoon that they are confident they will sign the superstar outfielder the p 3116 chars,the phillies are motivated by missing out on manny machado and the market for competition appears to be thinning,2019-02-21 16:58:23,philly,phillies confident they will sign bryce harper as negotiations pick up  phillycom,https://www.philly.com/phillies/bryce-harper-phillies-news-manny-machado-padres-20190221.html,https://www.philly.com/resizer/H3wnGsgfjJvH08oXWIc9mdyb7Jg=/1200x0/center/middle/www.philly.com/resizer/KLJP9b97GfzgCadcaOnMCk2lOcY=/1200x0/center/middle/arc-anglerfish-arc2-prod-pmn.s3.amazonaws.com/public/GHO5KNYPQRHQNJVD72ETFHQXZ4.jpg
paul doyle,mauricio pochettino has praised the animal qualities that have enabled harry kane to fight back from an ankle injury to the point where he could return to action at burnley on saturday the striker has missed seven spurs matches since damaging the ankle in th 1798 chars,tottenhams manager mauricio pochettino will be the one who has the final say on whether harry kane will feature in the squad at burnley on saturday,2019-02-21 16:38:00,the guardian au,ive had to hold back animal harry kanes spurs return says pochettino  the guardian,https://www.theguardian.com/football/2019/feb/21/ive-had-to-hold-back-animal-harry-kanes-tottenham-return-says-pochettino,https://i.guim.co.uk/img/media/886d02a3813fa3661436f45b2f3fc21b19e022e6/0_159_5184_3110/master/5184.jpg?width=1200&height=630&quality=85&auto=format&fit=crop&overlay-align=bottom%2Cleft&overlay-width=100p&overlay-base64=L2ltZy9zdGF0aWMvb3ZlcmxheXMvdGctZGVmYXVsdC5wbmc&s=54711becf4248b605987a9752b59e305
,englewood colo  after one season as the starter denver broncos quarterback case keenum said he was definitely shocked and disappointed that the team has the framework of a trade in place with the baltimore ravens to acquire joe flacco the broncos si 4021 chars,case keenum says hes shocked over the broncos yettobefinalized trade for joe flacco and that hes still unsure of whats next after talking to gm john elway,2019-02-21 16:37:42,espn,case keenum has talked to denver broncos gm john elway shocked by joe flacco trade  espn,http://www.espn.com/nfl/story/_/id/26046743/case-keenum-talked-denver-broncos-gm-john-elway-shocked-joe-flacco-trade,https://a4.espncdn.com/combiner/i?img=%2Fphoto%2F2018%2F0402%2Fr350629_1296x729_16%2D9.jpg
sporting news,more,there were a number of impressive tactical performances from managers in the last 16 first legs with the bosses of atletico psg  spurs standing out,2019-02-21 16:23:00,goal,lionel messi news lyon defender marcelo says kylian mbappe more difficult to play against than barcelona star  tips him to become worlds best  goalcom,https://www.goal.com/en-us/news/marcelo-mbappe-more-difficult-to-play-against-than-messi-he/1rq71rb9yt12o1m7e16kz2c2eq,http://st.snimg.com/image/logo/sn-social.png
,the nhl trade deadline is just a week away and this is shaping up to be one of the more interesting deadline days in recent memory there are a number of big names that could potentially get moved on or before feb 25 and there are a number of teams that a 6845 chars,theres potential for a number of teams to get way scarier at this years deadline,2019-02-21 16:07:00,cbssports,nhl trade deadline 2019 nine deals were rooting for with an eye on the stanley cup playoffs  cbs sports,https://www.cbssports.com/nhl/news/nhl-trade-deadline-2019-nine-deals-were-rooting-for-with-an-eye-on-the-stanley-cup-playoffs/,https://sportshub.cbsistatic.com/i/r/2019/02/18/78c893b2-5b48-4eff-9d64-2b07c5ca2208/thumbnail/770x433/955792d8776e276cab2303f8ef100d73/panarinnyi.jpg
colin m damms,when he struts he is some player peter drurys remarks as manchester united cruised to victory over bsc young boys to open their uefa champions league campaign couldnt have been more indicative of the narrative surrounding paul pogba s united career it was o 3952 chars,the world cup winner is unstoppable at the moment and is worthy of award recognition,2019-02-21 16:00:00,sbnation,paul pogba should be a serious candidate for pfa player of the year  the busby babe,https://thebusbybabe.sbnation.com/2019/2/21/18212200/paul-pogba-should-be-a-serious-candidate-for-pfa-player-of-the-year,https://cdn.vox-cdn.com/thumbor/IXorG3qy0-V4REn9EwB9A0muz-w=/0x363:4689x2818/fit-in/1200x630/cdn.vox-cdn.com/uploads/chorus_asset/file/13748458/1075928838.jpg.jpg
,programming note watch the pregame edition of warriors outsiders tonight at 6 pm pt streaming live on the myteams app is steph curry better now than he was during the 201516 season lets compare his numbers pre allstar break 201516  298 points 6 1903 chars,if theres anything weve learned this nba season its players cant avoid questions regarding free agency,2019-02-21 15:42:06,nbcsports,kyrie frustrated with questions about friendly kd video  nbcsportscom,https://www.nbcsports.com/bayarea/warriors/kyrie-irving-frustrated-free-agency-questions-about-kevin-durant-video,https://www.nbcsports.com/bayarea/sites/csnbayarea/files/2019/02/21/kdkyrieus.jpg
chris medland,ferrari has been hiding plenty of pace so far in preseason testing and expects mercedes and red bull have been doing the same according to charles leclerc the first test was comfortably led by ferrari on the opening two days with high mileage and impressi 2334 chars,ferrari has been hiding plenty of pace so far in preseason testing and expects mercedes and red bull have been doing the same according to charles leclerc the first test was comfortably led by f,2019-02-21 15:37:48,racer,ferrari sandbagging just like rivals  leclerc  racer,https://racer.com/2019/02/21/ferrari-sandbagging-just-like-rivals-leclerc/,https://racerdigital.files.wordpress.com/2019/02/leclerc.jpg?w=1000&h=576&crop=1
,as the nbas popularity has increased so too has the level of coverage to the point that there never really is a break from news even oncedistinct segments of the nba calendar have started running together where free agency speculation begins months eve 3561 chars,irving and durant were filmed talking in the tunnel during allstar weekend,2019-02-21 15:23:00,cbssports,celtics kyrie irving doesnt want to talk about viral video of conversation with kevin durant its just crazy  cbs sports,https://www.cbssports.com/nba/news/celtics-kyrie-irving-doesnt-want-to-talk-about-viral-video-of-conversation-with-kevin-durant-its-just-crazy/,https://sportshub.cbsistatic.com/i/r/2019/02/21/e2870ebf-15ce-432b-b2fe-22a10f879b0a/thumbnail/770x433/c11d1ca8fd60b5b37e6cf3c449b8504b/kyrie.jpg
mike florio,bob stoops was the first pep hamilton will be the second by the end of next month six more will be named thats the timetable for the xfls announcement of the coaches who will be running the eight charter franchises of the resurrected football league ac 879 chars,bob stoops was the first pep hamilton will be the second by the end of next month six more will be named thats the timetable for the xfls announcement of the coaches who will be running the eight charter franchises of the resurrected football league ac,2019-02-21 15:00:00,nbcsports,xfl to name all head coaches by the end of march  nbc sports,http://profootballtalk.nbcsports.com/2019/02/21/xfl-to-name-all-head-coaches-by-the-end-of-march/,https://nbcprofootballtalk.files.wordpress.com/2019/02/gettyimages-135746118-e1550761105287.jpg
michael david smith,the jets have frequently been mentioned as a potential suitor for free agent running back leveon bell but there may be at least one reason the jets are hesitant or possibly 260 reasons according to manish mehta of the new york daily news there was word  757 chars,the jets have frequently been mentioned as a potential suitor for free agent running back leveon bell but there may be at least one reason the jets are hesitant or possibly 260 reasons according to manish mehta of the new york daily news there was word ,2019-02-21 14:11:00,nbcsports,report jets concerned leveon bell let himself get out of shape  nbc sports,http://profootballtalk.nbcsports.com/2019/02/21/report-jets-concerned-leveon-bell-let-himself-get-out-of-shape/,https://nbcprofootballtalk.files.wordpress.com/2019/02/gettyimages-458697552-e1550758290774.jpg
chris carlson  ccarlsonsyracusecom,syracuse ny  syracuse forward elijah hughes insists he doesnt feel pressure not after his shooting percentages dropped over the previous six games contributing to three blowout losses against acc opponents and not after he missed his first five 3poin 4228 chars,syracuse forward elijah hughes pumped his fist and let out a shout then his shots started falling again,2019-02-21 14:07:00,syracuse,with a roar and a punch syracuses elijah hughes got his groove back  syracusecom,https://www.syracuse.com/orangebasketball/2019/02/with-a-roar-and-a-punch-syracuses-elijah-hughes-got-his-groove-back.html,https://i.syracuse.com/resizer/7FSunel3EPlP8F0Dm4czlPGswKA=/620x0/arc-anglerfish-arc2-prod-advancelocal/public/JHPXF3CPOZHGBEDCSIDJNHHNNU.jpg
marcus allen krause,raiders state of the position review quarterback with free agency only two weeks away raiders wire will be reviewing every position and examine which position require upgrades why raiders will keep close eye on nfl franchise tags in 2019 offseason  nbcs b 2635 chars,raiders news raiders state of the position review quarterbackwith free agency only two weeks away raiders wire will be reviewing every position and examine which position require upgrades why,2019-02-21 14:05:51,silverandblackpride,raiders news 221 raiders s karl joseph recruiting steelers wr antonio brown on instagram  silver and black pride,https://www.silverandblackpride.com/2019/2/21/18234525/silver-mining-2-21-raiders-s-karl-joseph-recruiting-steelers-wr-antonio-brown-on-instagram,https://cdn.vox-cdn.com/thumbor/C55gEXQyAfUx_KrVQeMAM9gR7NU=/0x318:2184x1461/fit-in/1200x630/cdn.vox-cdn.com/uploads/chorus_asset/file/14124978/usa_today_8912782.jpg
chris roling,mark tenallyassociated press todo list figure out quarterback nail down a productive receiver find a starting guard alex smiths leg injury threw a serious wrench in the washington redskins plans leaving the team with colt mccoy as the starter in the int 997 chars,while the offseason might seem like an excruciating slog to fans its an unending sprint of important landmarks for  nfl  teams that hope to craft a competitive roster before the next season begins,2019-02-21 13:47:53,bleacher report,every nfl teams 2019 offseason todo list  bleacher report,https://bleacherreport.com/articles/2821200-every-nfl-teams-2019-offseason-to-do-list,https://img.bleacherreport.net/img/slides/photos/004/335/777/f101df018b7bf48bf3e6ee02a626e754_crop_exact.jpg?w=1200&h=1200&q=75
kyle austin  kyleaustin2mlivecom,east lansing  four days before a top10 matchup with michigan michigan state may have lost yet another player to injury spartans guard kyle ahrens was unable to check in late in michigan states wednesday win over rutgers after aggravating a back injury d 2137 chars,ahrens has already missed three games this year with back issues,2019-02-21 12:43:00,mlive,kyle ahrens hurts back again in michigan states win over rutgers  mlivecom,https://www.mlive.com/spartans/2019/02/kyle-ahrens-hurts-back-again-in-michigan-states-win-over-rutgers.html,https://i.mlive.com/resizer/95KezjTTKTif2FCx19VAE6RJC1M=/620x0/arc-anglerfish-arc2-prod-advancelocal/public/QPYSG6EMDVGYXPI47SGCRWYG7Y.JPG
afp,skateboarding sport climbing and surfing which have already been added to the programme for the 2020 tokyo olympics have been invited to return in paris four years later tony estanguet the head of the paris 2024 organising committee and a former olympic  2338 chars,breakdancing is set to make its debut as an olympic sport at paris 2024 the head of the local organising committee said thursday whilst members of the public will be able to race the marathon course for the first time,2019-02-21 12:24:17,thelocalfr,paris olympics to include breakdancing and allow public to run marathon course  the local france,https://www.thelocal.fr/20190221/paris-olympics-marathon-race-to-be-open-to-the-public,https://www.thelocal.fr/userdata/images/article/8a2eb7b489a534564485a6afc3ebc6a142cecc4f784692ea0109ee3e9086136c.jpg
jason anderson,two wondrous years have passed since the kings traded brooding big man demarcus cousins to the new orleans pelicans cousins loomed ominously over this organization for nearly seven seasons scowling glaring and glowering at anyone who bleated a whistle or p 5030 chars,the sacramento kings traded brooding big man demarcus cousins two years ago general manager vlade divac won the trade and brought back beautiful basketball with a commitment to culture and character,2019-02-21 11:55:00,sacbee,sacramento kings how vlade divac won demarcus cousins trade  sacramento bee,https://www.sacbee.com/sports/nba/sacramento-kings/article226557495.html,https://www.sacbee.com/latest-news/fkxm97/picture226558225/alternates/LANDSCAPE_1140/IMG_20181017_PK_KINGSJAZ_3_1_JBF50HKA_L444048592.JPG
skyonair,first period the game got off to a hot start with both sides trading chances but mostly vegas getting the lions share until about halfway through the period when jake debrusk remained as hot as hes been by pressing the spin button on his controller and get 2298 chars,first period the game got off to a hot start with both sides trading chances but mostly vegas getting the lions share until about halfway through the period when jake debrusk remained as hot as,2019-02-21 11:00:00,stanleycupofchowder,bruins vs golden knights recap backes shootout goal keeps the win streak alive bruins win 32  stanley cup of chowder,https://www.stanleycupofchowder.com/2019/2/21/18234368/boston-bruins-las-vegas-golden-knights-recap-backes-shootout-goal-win,https://cdn.vox-cdn.com/thumbor/RJRLh_ib0GmowEckhmQWXMQ-PzA=/0x0:2400x1257/fit-in/1200x630/cdn.vox-cdn.com/uploads/chorus_asset/file/14094981/usa_today_12201876.jpg
jacob murtagh,mesut ozil is fit and raring to go ahead of thursday nights europa league clash against bate borisov the german missed last weeks round of 32 firstleg defeat to as he was still feeling the effects of a sickness bug with unai emery opting to leave arsenal 1710 chars,the midfielder could return to the starting xi for the europa league last 32 second leg at the emirates,2019-02-21 09:19:00,mirror,mesut ozil sends defiant message ahead of arsenals clash with bate borisov  mirror online,https://www.mirror.co.uk/sport/football/news/mesut-ozil-sends-defiant-message-14030374,https://i2-prod.mirror.co.uk/incoming/article14026386.ece/ALTERNATES/s1200/0_Arsenal-Training-and-Press-Conference.jpg
harrison faigen,lebron james is in his first season with the los angeles lakers and by extension his first campaign in the western conference this change has put him in a position he doesnt normally find himself in at this point in the season desperately fighting for a p 3243 chars,josh hart thinks that lebron james has what it takes to go up another level but both he and luke walton know the lakers are better off if they can save some of the burden on the star lakers forward until the postseason,2019-02-21 03:02:00,silverscreenandroll,josh hart says lakers cant save anything for the playoffs but luke walton says everyone  not just lebron j  silver screen and roll ,https://www.silverscreenandroll.com/2019/2/20/18234114/josh-hart-lakers-cant-save-anything-playoffs-luke-walton-lebron-james-share-load-stats-practice,https://cdn.vox-cdn.com/thumbor/CeHOqmS6FpjlJdzkUD6uRxPTJ1g=/0x0:3000x1571/fit-in/1200x630/cdn.vox-cdn.com/uploads/chorus_asset/file/13232429/1044918904.jpg.jpg
bob redman,photo marvin gentry usa today sports not many gave them a chance but the florida gators 1511 76 sec had an early lead on the road at no 13 lsu tigers 215 112 sec and the tigers carved away at the lead and took their own lead in the second hal 5584 chars,the gators get their third win in a row wednesday night and biggest win of the year  in baton rouge,2019-02-21 02:38:24,247sports,gators shock no 13 lsu on the road 8277 in ot  247sports,https://247sports.com/college/florida/Article/Florida-Gators-Basketball-UF-shocks-No-13-LSU-on-the-road-82-77-129320470/,"https://s3media.247sports.com/Uploads/Assets/766/65/9065766.jpg?fit=bounds&crop=1200:630,offset-y0.50&width=1200&height=630"
associated press,kenosha wis ap a wisconsin high school is ending cheerleading awards given annually to girls with the largest breasts or buttocks dubbed big booty and big boobie after the american civil liberties union demanded action following repeated complaints from p 2955 chars,a human resources official met with the cheerleading coach and directed her to resign however she has continued coaching the cheerleading squad the aclu said,2019-02-21 00:29:42,snopes,wisconsin school ends cheerleading awards for body parts  snopescom,https://www.snopes.com/ap/2019/02/20/wisconsin-school-ends-cheerleading-awards-for-body-parts/,"https://www.snopes.com/tachyon/2019/02/cheerleader-cheerleading-fog-light-shadow.jpg?fit=1200,628"
,subscribe to espn to get access to all premium articles fantasy tools plus thousands of live sporting events and espn originals for just 499mo already an espn subscriber log in here,boston added a versatile forward but it paid a stiff price to minnesota we grade both gms on the deal,2019-02-21 00:12:13,espn,bruins misfire in charlie coyleryan donato swap  espn,http://www.espn.com/nhl/insider/story/_/id/26041193/trade-grades-bruins-misfire-charlie-coyle-ryan-donato-swap,https://a.espncdn.com/combiner/i?img=%2Fphoto%2F2019%2F0221%2Fr504548_1296x729_16%2D9.jpg
,boston celtics forward gordon hayward sprained his ankle during a workout tuesday coach brad stevens said and is listed as questionable for thursdays game against the milwaukee bucks stevens speaking wednesday on 985 the sports hub said the injury was  536 chars,celtics forward gordon hayward sprained his right ankle during a workout tuesday and is questionable for thursdays game against the bucks,2019-02-20 23:06:53,espn,celtics gordon hayward sprains ankle in workout questionable vs bucks  espn,http://www.espn.com/nba/story/_/id/26040768/celtics-gordon-hayward-sprains-ankle-workout-questionable-vs-bucks,https://a2.espncdn.com/combiner/i?img=%2Fphoto%2F2019%2F0220%2Fr504505_1296x729_16%2D9.jpg
,,,2019-02-20 22:12:31,fox news,barack obama slams pop culture for foisting bad values on young men  fox news,https://www.foxnews.com/entertainment/barackobama-slams-pop-culture-for-foisting-bad-values-on-young-men,
bailey johnson,with just five regularseason games left michigan is in a threeway tie with purdue and michigan state at the top of the big ten standings but it isnt just those three teams that have a chance at winning the league maryland sits 15 games back and wiscons 1050 chars,with just five regularseason games left michigan is in a threeway tie with purdue and michigan state at the top of the big ten standings but it isnt just those three teams that have a chance at winning the league maryland sits 15 games back and wiscon,2019-02-20 21:57:25,umhoops,beilein looking for outliers in regularseason stretch run  um hoops,https://umhoops.com/2019/02/20/beilein-looking-unexpected-outliers-stretch/,https://umhoops.com/wp-content/uploads/2018/12/Michigan-76-Purdue-57-24-1000x600.jpg
,,,2019-02-20 21:00:08,youtube,liverpool v manchester united  premier league classic match  12697  nbc sports  nbc sports,https://www.youtube.com/watch?v=v0iTnyhP3WY,
httpsfacebookcompages971theticket115517211842908,in case you hadnt noticed its mock draft season in the nfl every week brings a new batch of projections and they wont stop coming until the actual draft kicks off april 25 with the lions picking eighth overall interest is particularly high locally wi 3268 chars,going local always feels easy for the lions for some reason,2019-02-20 19:51:13,radio,with eighth overall pick lions selectrashan gary  971 the ticket,https://971theticket.radio.com/articles/eighth-overall-pick-lions-selectrashan-gary,https://s3.us-east-2.amazonaws.com/s3.wxytfm.radio.com/AP17233554296431.jpg
3k,with the 2019 nfl scouting combine set to begin in less than a week were closing in on the next opportunity for los angeles rams head coach sean mcvay and general manager les snead to talk to the media no doubt the primary line of questioning at least for 4018 chars,the rams are trying out their newest talking points on the nfls most mysterious knee of 2018,2019-02-20 19:31:54,turfshowtimes,nfl networks steve wyche on todd gurley a wear and tear issue  turf show times,https://www.turfshowtimes.com/2019/2/20/18233562/la-rams-rb-todd-gurley-injury-super-bowl-liii-nfl-network-steve-wyche-wear-and-tear-c-j-anderson,https://cdn.vox-cdn.com/thumbor/Y3ffZKprNA3lNrdVpLboexNJAEM=/0x387:2225x1552/fit-in/1200x630/cdn.vox-cdn.com/uploads/chorus_asset/file/14051294/usa_today_12143993.jpg
tim benz,,now that mr big chest has spoken the path for the pittsburgh steelers appears to be clear antonio brown posted a photo of himself with team owner art rooney ii on social media tuesday had a great meeting with mrrooney today we discussed a lot of things,2019-02-20 11:09:47,triblive,tim benz antonio brown getting his way doesnt mean steelers lose  tribunereview,https://triblive.com/sports/tim-benz-antonio-brown-getting-his-way-doesnt-mean-steelers-lose/,https://triblive.com/wp-content/uploads/2019/02/775306_web1_AP_18322833834025.jpg
chris beesley,liverpool defender joel matip has come under fire for supposedly taking unnecessary risks in his sides goalless draw with bayern munich at anfield the first leg of the champions league last 16 tie ended in a stalemate but the visitors were almost gifted wha 1475 chars,reds defender under fire after almost gifting champions league opponents crucial away goal,2019-02-20 08:48:00,liverpoolechocouk,liverpool player slammed for taking huge risk against bayern  liverpool echo,https://www.liverpoolecho.co.uk/sport/football/football-news/liverpool-player-slammed-taking-huge-15857100,https://i2-prod.liverpoolecho.co.uk/incoming/article15857107.ece/ALTERNATES/s1200/0_JS175550367.jpg
