author,content,description,publishedAt,source.id,source.name,title,url,urlToImage
Weston Blasi,"College basketball featured arguably its biggest rivalry last night with a matchup between hoop royalties Duke and North Carolina. The story of the night was Zion Williamson busting through his shoe, but that wasn't the only piece of gear that people were tal… [+2516 chars]",The internet was buzzing about his black bomber jacket with ‘44’ on the sleeve,2019-02-21T22:24:00Z,,Marketwatch.com,President Obama’s bomber jacket was the biggest star at the Duke-UNC game - MarketWatch,https://www.marketwatch.com/story/the-biggest-star-from-last-nights-duke-unc-game-was-president-obamas-jacket-2019-02-21,http://s.marketwatch.com/public/resources/MWimages/MW-HE382_obamaj_ZG_20190221155732.jpg
Jana Barnello,"SYRACUSE N.Y. In a matter of hours, Syracuse men’s basketball Coach Jim Boeheim went from a celebratory win at the Carrier Dome to being involved in a deadly crash along I-690. Here is what CNYCentral has learned about the timeline of events Wednesday night. … [+1546 chars]","In a matter of hours, Syracuse men&rsquo;s basketball Coach Jim Boeheim went from a celebratory win at the Carrier Dome to being involved in a deadly crash along I-690. Here is what CNYCentral has learned about the timeline of events Wednesday night. The Syra…",2019-02-21T21:52:28Z,,Cnycentral.com,Boeheim Timeline: From big win over Louisville to tragic accident on I-690 - CNYcentral.com,https://cnycentral.com/news/local/boeheim-timeline-from-big-win-over-louisville-to-tragic-accident-on-i-690,http://static-41.sinclairstoryline.com/resources/media/cf2f0bbe-43fc-485c-b64c-1f19d67bf8ec-large16x9_BOEHEIMSTILL2.jpg?1550783828082
,"The Washington Capitals acquired Carl Hagelin from the Los Angeles Kings, Thursday afternoon. It’s the second time Hagelin has been traded this season. In his first public comments since being dealt, Hagelin spoke to Swedish outlet Aftonbladet about his happi… [+1270 chars]","The Washington Capitals acquired Carl Hagelin from the Los Angeles Kings, Thursday afternoon. It's the second time Hagelin has been traded this season. In his first public comments since being dealt, Hagelin spoke to Swedish outlet Aftonbladet about his happi…",2019-02-21T21:50:30Z,,Russianmachineneverbreaks.com,Carl Hagelin on trade to Capitals: 'I'm really excited' - Russian Machine Never Breaks,https://russianmachineneverbreaks.com/2019/02/21/carl-hagelin-on-trade-to-capitals-im-really-excited/,https://i1.wp.com/russianmachineneverbreaks.com/wp-content/uploads/2019/02/carl-hagelin-stanley-cup-win.jpg?fit=1014%2C507&ssl=1
,,,2019-02-21T21:50:28Z,,Youtube.com,Zion should snub Nike and start 'a shoe war' if he plays for Duke again - Tracy McGrady | The Jump - ESPN,https://www.youtube.com/watch?v=Zf3B9b4otSs,
,"Since his abrupt retirement from the NFL after the 2015 season, Calvin Johnson has made it clear he doesn't miss playing football. Now we might have another idea why. It turns out the former Detroit Lions wide receiver has been working behind the scenes to st… [+1593 chars]","Johnson and his wife, Brittney, have the preliminary OK from Michigan's licensing board",2019-02-21T21:38:00Z,,Cbssports.com,Former Lions star Calvin Johnson approved for medical marijuana business in Detroit - CBS Sports,https://www.cbssports.com/nfl/news/former-lions-star-calvin-johnson-approved-for-medical-marijuana-business-in-detroit/,https://sportshub.cbsistatic.com/i/r/2016/06/13/e8e8e72b-58e8-4c39-b650-5ee2632cea3d/thumbnail/770x433/a7d72bb3fe76356ae6e3f17511d18f5e/calvin-johnson-orlando-shooting.jpg
,"Houston Rockets General Manager Daryl Morey joins Colin Cowherd in studio on today's show. Morey talks about how impressed he is with James Harden's scoring ability, Chris Paul's impact, competing with the Golden State Warriors and why NBA ownership makes the… [+1309 chars]",Houston Rockets General Manager Daryl Morey joins Colin Cowherd in studio on today's show. Morey talks about how impressed he is with James Harden's scoring ...,2019-02-21T21:30:35Z,,Youtube.com,"Daryl Morey on James Harden's historic scoring pace, CP3 impact & Rockets-Warriors | NBA | THE HERD - The Herd with Colin Cowherd",https://www.youtube.com/watch?v=ShFLaKHyc98,https://i.ytimg.com/vi/ShFLaKHyc98/maxresdefault.jpg
Scott Lauber,"CLEARWATER, Fla. Jean Segura was a top-100 prospect and a likely future major-league shortstop in other words, no slouch when he went to play in the Arizona Fall League in 2011. Yet he still recalls being slack-jawed whenever he turned and saw the two young p… [+4165 chars]","""It was kind of crazy,"" Segura said of seeing Harper and Trout in the same outfield. Could it happen again someday with the Phillies?",2019-02-21T21:08:53Z,,Philly.com,Bryce Harper and Mike Trout on the same team? Phillies shortstop Jean Segura knows what that looks like - Philly.com,https://www.philly.com/phillies/philadelphia-phillies-jean-segura-bryce-harper-mike-trout-mlb-20190221.html,https://www.philly.com/resizer/iqLLu_oi73ap_ti9nXlVFVIb14U=/1200x0/center/middle/www.philly.com/resizer/Wo9lumXhDL_y0y9z3ZvEEMQo29g=/1200x0/center/middle/arc-anglerfish-arc2-prod-pmn.s3.amazonaws.com/public/BN7TVXDO7JCSROCWIIPQPPRBI4.jpg
,"Nebraska basketball coach Tim Miles took to social media Thursday to apologize for a ""flippant remark"" he made earlier this week about the possibility of being fired by the school. The former North Dakota State coach said on a podcast Sunday that ""I'm still a… [+1279 chars]","news, sports, opinion, entertainment, business, lifestyle, milestones, obituaries and weather for Fargo, ND",2019-02-21T21:00:00Z,,Inforum.com,"Nebraska's Tim Miles, a former NDSU coach, apologizes for 'flippant' millionaire remark - INFORUM",https://www.inforum.com/sports/basketball/974710-Nebraskas-Tim-Miles-a-former-NDSU-coach-apologizes-for-flippant-millionaire-remark,https://www.fccnn.com/incoming/974717-qxpig8-Nebraska-Cornhuskers-head-coach-Tim-Miles/alternates/BASE_LANDSCAPE/Nebraska%20Cornhuskers%20head%20coach%20Tim%20Miles
,"Time was when a decorated, frontline closer like Craig Kimbrel would have long ago been snatched up from the market. This, however, is the winter of 2018-19, and for a variety of reasons the free agent market isn't what it used to be. In Kimbrel's case, he's … [+3151 chars]",There's a reason why the once-elite closer is still unsigned,2019-02-21T20:57:00Z,,Cbssports.com,Why has Craig Kimbrel's free agent market been so quiet? Numbers show his days as a lockdown closer are likely over - CBS Sports,https://www.cbssports.com/mlb/news/why-has-craig-kimbrels-free-agent-market-been-so-quiet-numbers-show-his-days-as-a-lockdown-closer-are-likely-over/,https://sportshub.cbsistatic.com/i/r/2019/02/21/9bee5b1b-e0a6-4584-a910-f8d9ab02ca08/thumbnail/770x433/f7fa21c39ab24e842742684c12d2504e/craig-kimbrel.jpg
Bob Hohler - Reporter,"Nick Cafardo, the Boston Globe’s nationally recognized and widely respected baseball columnist, died Thursday in Fort Myers, Fla. He was 62. Cafardo’s love of baseball and commitment to his craft compelled him to report to JetBlue Park, the spring training ho… [+2561 chars]","Cafardo, who joined the Globe in 1989, was one of Boston’s most prominent sports reporters.",2019-02-21T20:51:00Z,,Bostonglobe.com,Veteran Globe baseball writer Nick Cafardo dies at 62 - The Boston Globe,https://www.bostonglobe.com/sports/2019/02/21/veteran-globe-baseball-writer-nick-cafardo-dies/2ApW3rmk8q7I5qfeOmOjfL/story.html,https://www.bostonglobe.com/rf/image_585w/Boston/2011-2020/2019/02/21/BostonGlobe.com/Sports/Images/cafardo_alt_image.jpg
Josh Alper,"The Saints signed safety Kurt Coleman to a three-year contract as a free agent last offseason, but it does not appear he will be around for the end of that deal. Mike Garafolo of NFL Media reports that the Saints are set to release Coleman. Coleman’s contract… [+501 chars]","The Saints signed safety Kurt Coleman to a three-year contract as a free agent last offseason, but it does not appear he will be around for the end of that deal. Mike Garafolo of NFL Media reports that the Saints are set to release Coleman. Coleman’s contract…",2019-02-21T20:33:00Z,,Nbcsports.com,Saints expected to release Kurt Coleman - NBC Sports,http://profootballtalk.nbcsports.com/2019/02/21/saints-expected-to-release-kurt-coleman/,https://nbcprofootballtalk.files.wordpress.com/2019/02/gettyimages-1093785094-e1550781220343.jpg
Peter_Bukowski,"Ted Thompson was always a tight poker player. When he bet, you knew he had something, and hed wait you out, anticipating his move when he had pocket queens and could attack. To borrow a phrase from Marshawn Lynch, Brian Gutekunst is much more about that actio… [+5826 chars]","With a closing window with Aaron Rodgers, Brian Gutekunst aggressively spent last offseason. What’s the best way to maximize Rodgers and this team’s talent in 2019?",2019-02-21T20:30:00Z,,Acmepackingcompany.com,What does “going all in” look like for the Packers this offseason? - Acme Packing Company,https://www.acmepackingcompany.com/free-agency-2019-green-bay-packers/2019/2/21/18234968/packers-free-agency-2019-nfl-offseason-trade-rumors-antonio-brown,https://cdn.vox-cdn.com/thumbor/HqsK3fDRjdMzzCgAkqLqd0nAc6I=/0x0:1849x968/fit-in/1200x630/cdn.vox-cdn.com/uploads/chorus_asset/file/14146446/1067694922.jpg.jpg
,"After four days and 32 hours on-track action, we reach the end of the first Formula 1 pre-season test of 2019. The amount of mileage that has been covered this week has been mighty impressive, but who had the most reasons to smile on day four? We delve into t… [+5088 chars]",We crunch the numbers to see which Formula 1 team had the best of it - and who struggled - on day four of pre-season testing...,2019-02-21T20:14:30Z,,Formula1.com,F1 Testing Performance Analysis: What the data tells us from Day 4 in Barcelona | Formula 1® - Formula 1,https://www.formula1.com/en/latest/article.f1-testing-what-the-data-tells-us-from-day-4.1IeP1ibRQoToJ4u2IpnvnZ.html,https://www.formula1.com/content/dam/fom-website/manual/Misc/Performance-Analysis/performance-article-v02.jpg
Charles Bradley,"Jeffrey is the 29-year-old grandson of the legendary seven-time NASCAR Cup Series champion Dale Earnhardt, and has amassed more than 150 starts across NASCARs three national series Cup, Xfinity and Trucks. Hes on a nine-race deal with Joe Gibbs Racing and sta… [+4925 chars]","Last weekend at Daytona, Toyota brought the Supra model to NASCAR in the Xfinity Series opener at Daytona. Although it didn’t win, it led its first laps in Jeffrey Earnhardt’s hands, Brandon Jones finished third and hot-shot prospect Christopher Bell pulled s…",2019-02-21T20:09:24Z,,Motorsport.com,"An Earnhardt led at Daytona in a Supra! How did that happen? - Motorsport.com, Edition: Global",https://www.motorsport.com/nascar-xs/news/earnhardt-daytona-toyota-supra-jeffrey/4341930/,https://cdn-7.motorsport.com/images/amp/0L198yj2/s6/jeffrey-earnhardt-joe-gibbs-ra.jpg
,"Arsenal cruised past Belorussian side BATE Borisov 3-0 in Europa League action on Thursday night to advance to the round of 16. The win at Emirates stadium ensured a 3-1 aggregate victory for the Gunners, who lost the first leg to the Belorussian side last we… [+1154 chars]","Get a report of the Arsenal vs. BATE Borisov 2018/19 UEFA Europa League, Round of 32 football match.",2019-02-21T20:00:46Z,,Espn.com,"Arsenal vs. BATE Borisov - Football Match Report - February 21, 2019 - ESPN",http://www.espn.com/soccer/report?gameId=530664,https://a4.espncdn.com/combiner/i?img=%2Fphoto%2F2019%2F0221%2Fr504885_1296x729_16%2D9.jpg
Associated Press,"LAWRENCE, Kan. (AP) - Court documents say a former volunteer volleyball coach at the University of Kansas stole dozens of pairs of underwear from players and catalogued them in labeled plastic storage containers. The Lawrence Journal-World reports that the po… [+624 chars]",Court documents say a former volunteer volleyball coach at the University of Kansas stole dozens of pairs of underwear from players and catalogued them in labeled plastic storage containers.,2019-02-21T20:00:00Z,,Kake.com,"Wichita, Kansas News, Weather, Sports - Affidavit: Former Kansas volleyball coach catalogued stolen unde - KAKE",http://www.kake.com/story/40004797/affidavit-former-kansas-volleyball-coach-catalogued-stolen-underwear,https://KAKE.images.worldnow.com/images/18140082_G.jpg?lastEditedDate=20190221145930
Daniel Murphy,"UEFA have released a statement defending the use of VAR in Man City's 3-2 Champions League win over Schalke on Wednesday and say that ""VAR protocol correctly applied for two penalty decisions"". The controversy arose during a 10-minute period in the first half… [+3077 chars]",Schalke were awarded two penalties in dubious circumstances against Manchester City in the Champions League,2019-02-21T19:43:00Z,,Manchestereveningnews.co.uk,UEFA release statement over VAR decisions in Man City's Champions League clash against Schalke - Manchester Evening News,https://www.manchestereveningnews.co.uk/sport/football/football-news/man-city-var-schalke-champions-15868726,https://i2-prod.manchestereveningnews.co.uk/incoming/article15868722.ece/ALTERNATES/s1200/0_GettyImages-1126280233.jpg
Mike Griffith,ATHENS Georgia sophomore star Nicolas Claxton might still be in shock after seeing his team fight back from 17 points down only to lose on a free-throw with 0.5 seconds left on Wednesday night. The calls in the final minutes of the game that went against UGA … [+2253 chars],ATHENS — Georgia sophomore star Nicolas Claxton might still be in shock after seeing his team fight back from 17 points down only to lose on a free-throw with 0.5...,2019-02-21T19:32:28Z,,Dawgnation.com,Georgia basketball ‘extremely strange ending’ makes national headlines - DawgNation,https://www.dawgnation.com/football/team-news/georgia-bkc-claxton-howland-crean-sec,"https://res.cloudinary.com/dawgnation/image/upload/c_crop,g_north_west,h_3235,w_6136,x_0,y_261/f_auto,q_auto/h_624,w_1184/v1550777165/IMG_8042_a45w83.jpg"
Shaun Al-Shatti,"Former UFC heavyweight champion Cain Velasquez led the disclosed payroll for UFC Phoenix, cashing a six-figure sum for his unsuccessful return against Francis Ngannou. The Arizona Department of Gaming released the events finalized salary information on Thursd… [+2014 chars]","Former UFC heavyweight champion Cain Velasquez led the disclosed payroll for UFC Phoenix, cashing a six-figure sum for his unsuccessful return against Francis Ngannou.",2019-02-21T19:15:35Z,,Mmafighting.com,"UFC Phoenix salaries: Cain Velasquez earns $450,000 in unsuccessful UFC return - MMA Fighting",https://www.mmafighting.com/2019/2/21/18235025/ufc-phoenix-salaries-cain-velasquez-earns-450000-in-unsuccessful-ufc-return,https://cdn.vox-cdn.com/thumbor/qAAIl8OLN3HJAJUZxe-XrrSPsQk=/0x73:1920x1078/fit-in/1200x630/cdn.vox-cdn.com/uploads/chorus_asset/file/13860470/300_Cain_Velasquez.jpg
Mike Florio,"With all the recent talk about the brand-new AAF and the coming-back-next-year XFL, an alternative football league that has been around for more than 30 years and that helped develop a Hall of Fame quarterback would like you to know it still exists. It’s the … [+1279 chars]","With all the recent talk about the brand-new AAF and the coming-back-next-year XFL, an alternative football league that has been around for more than 30 years and that helped develop a Hall of Fame quarterback would like you to know it still exists. It’s the …",2019-02-21T19:08:00Z,,Nbcsports.com,The AFL wants you to know it still exists - NBC Sports,http://profootballtalk.nbcsports.com/2019/02/21/the-afl-wants-you-to-know-it-still-exists/,https://nbcprofootballtalk.files.wordpress.com/2012/06/image-12.jpg
Michael David Smith,"Keep Marvin Lewis. That from a Bills and Colts fan. Get out of my tragedy, man. ML’s OC last year was Bill Lazor. Currently unemployed Bill Lazor. Prior to that, the OC was Ken Zampese. Currently unemployed Ken Zampese. For what it’s worth, Zampese’s tenure a… [+435 chars]","The Bengals have a defensive coordinator. Finally. Lou Anarumo will be the Bengals’ defensive coordinator, according to multiple reports, ending a long search that didn’t begin in earnest until new head coach Zac Taylor finished coaching the Rams in the Super…",2019-02-21T18:58:00Z,,Nbcsports.com,Bengals hire Lou Anarumo as defensive coordinator - NBC Sports,https://profootballtalk.nbcsports.com/2019/02/21/bengals-hire-lou-anarumo-as-defensive-coordinator/,https://nbcprofootballtalk.files.wordpress.com/2019/02/gettyimages-588947342-e1550594779601.jpg
,"SCOTTSDALE, Ariz. -- The sluggish free-agent market the past two years has not scared Colorado Rockies third baseman Nolan Arenado, who could be among the prizes in the 2020 pool. ""I'm not afraid of it at all,"" Arenado said. ""It doesn't have an effect on me. … [+3101 chars]","Rockies star Nolan Arenado, who will be a free agent next winter if he doesn't reach an agreement on a long-term deal, says the current state of the free-agent market is ""sad.""",2019-02-21T18:49:53Z,,Espn.com,Nolan Arenado of Colorado Rockies says state of free-agent market is 'sad' - ESPN,http://www.espn.com/mlb/story/_/id/26047818/nolan-arenado-colorado-rockies-says-state-free-agent-market-sad,https://a4.espncdn.com/combiner/i?img=%2Fphoto%2F2018%2F1002%2Fr440677_1296x729_16%2D9.jpg
Emily Lawler | elawler@mlive.com,"LANSING, MI Attorney General Dana Nessel is taking on the investigation of a Twistars gymnastics coach and continuing to seek cooperation in the investigation of Michigan State University, she announced Thursday. Former Twistars owner and coach John Geddert r… [+3581 chars]","The AG will take on the Geddert investigation, which was previously being handled by the Eaton County Prosecutor.",2019-02-21T18:46:00Z,,Mlive.com,"Attorney General to investigate Twistars coach, still seeking cooperation from MSU - MLive.com",https://www.mlive.com/news/2019/02/attorney-general-to-investigate-twistars-coach-still-seeking-cooperation-from-msu.html,https://i.mlive.com/resizer/ViiWQ4BcWrPHj23GxbJf5l-fY1A=/620x0/arc-anglerfish-arc2-prod-advancelocal/public/JCKIQZEEMVCCZBEO75CLK3RDEI.JPG
,"MONTREAL Can the Flyers keep it rolling on the road? The Flyers (28-25-7, 63 pts.) face the Montreal Canadiens (32-21-7, 71 pts.) at the Bell Centre looking to win their sixth straight away from home. The Flyers have not lost a game outside of Philadelphia si… [+3140 chars]","After the league suspended Radko Gudas two games for high-sticking, interim head coach Scott Gordon will get creative reshuffling his defensive pairings. By John Boruk",2019-02-21T18:44:24Z,,Nbcsports.com,Flyers respond to Gudas suspension; Myers to play a bigger role - NBCSports.com,https://www.nbcsports.com/philadelphia/flyers/flyers-respond-radko-gudas-suspension-philippe-myers-to-play-a-bigger-role,https://www.nbcsports.com/philadelphia/sites/csnphilly/files/2019/02/21/ap_radko_gudas_flyers.jpg
Samer Kalaf,"The Steelers gleaned no lessons from the LeVeon Bell fiasco, huh? Not only are they happy to let their relationship with receiver Antonio Brown wither away, but the front office has made sure to emphasize that quarterback Ben Roethlisberger is the only player… [+1096 chars]","The Steelers gleaned no lessons from the Le’Veon Bell fiasco, huh? Not only are they happy to let their relationship with receiver Antonio Brown wither away, but the front office has made sure to emphasize that quarterback Ben Roethlisberger is the only playe…",2019-02-21T18:39:00Z,,Deadspin.com,The Steelers Are Happy To Let Ben Roethlisberger Feel As Important As He Thinks He Is - Deadspin,https://deadspin.com/the-steelers-are-happy-to-let-ben-roethlisberger-feel-a-1832788147,"https://i.kinja-img.com/gawker-media/image/upload/s--6xxnrsrm--/c_fill,fl_progressive,g_center,h_900,q_80,w_1600/bhvxxrraosk2k6itab2y.jpg"
Dave Melton,"In many ways, Wednesday nights more-difficult-than-it-had-to-be 5-4 overtime victory over the Red Wings is a perfect encapsulation of the last month with the 2018-19 Blackhawks. Chicago flexed its offensive muscles early, with many of the usual suspects contr… [+3266 chars]",Insert obligatory “They are who we thought they were” reference here.,2019-02-21T18:38:08Z,,Secondcityhockey.com,Blackhawks offer reminder of who they are in OT win over Red Wings - Second City Hockey,https://www.secondcityhockey.com/2019/2/21/18234908/chicago-blackhawks-detroit-red-wings-results-scores-reactions-analysis-commentary,https://cdn.vox-cdn.com/thumbor/PY6IMMHPjuAFZl6KBOHDIVB-Mxg=/0x0:4053x2122/fit-in/1200x630/cdn.vox-cdn.com/uploads/chorus_asset/file/14143875/1131048795.jpg.jpg
Rich Jones,Chelsea legend Frank Lampard admits he's not surprised by speculation linking him with the top job at Stamford Bridge. The former midfield maestro has been tipped as a potential replacement for under-fire Maurizio Sarri with pressure mounting on the strugglin… [+1403 chars],The Stamford Bridge legend has been tipped as Maurizio Sarri's successor and has responded to rumours,2019-02-21T18:26:00Z,mirror,Mirror,Frank Lampard responds to Chelsea manager speculation - Mirror Online,https://www.mirror.co.uk/sport/football/news/frank-lampard-responds-chelsea-manager-14033355,https://i2-prod.mirror.co.uk/incoming/article14012933.ece/ALTERNATES/s1200/0_Brighton-Hove-Albion-v-Derby-County-The-Emirates-FA-Cup-Fifth-Round-Football-Amex-Stadium-Brig.jpg
Steven Marrocco,"Photos: Best of Georges St-Pierre MONTREAL Georges St-Pierre tried to make a fight with Khabib Nurmagomedov before he decided to retire from competition. But alas, the UFC had other plans for the current lightweight champion, St-Pierre (26-2 MMA, 20-2 UFC) sa… [+3201 chars]","Georges St-Pierre tried to make a fight with Khabib Nurmagomedov before he decided to retire. But alas, the UFC had other plans for the current lightweight champion.",2019-02-21T18:25:00Z,,Mmajunkie.com,"Georges St-Pierre excited by Khabib Nurmagomedov offer, but UFC has other plans - MMAjunkie",https://mmajunkie.com/2019/02/georges-st-pierre-excited-by-khabib-nurmagomedov-offer-ufc-other-plans,https://usatmmajunkie.files.wordpress.com/2019/02/georges-st-pierre-retirement-news-conference-ap-4.jpg?w=1000&h=576&crop=1
,"MEXICO CITY -- Tiger Woods said he will skip his hometown Honda Classic next week and has committed to the Arnold Palmer Invitational and the Players Championship. A busy spring schedule has been the subject of much conjecture for Woods, who is playing his th… [+1463 chars]",Tiger Woods said he will skip his hometown Honda Classic next week and has committed to the Arnold Palmer Invitational and the Players Championship.,2019-02-21T18:19:07Z,,Espn.com,"Tiger Woods to skip Honda Classic, play in Arnold Palmer Invitational, Players Championship - ESPN",http://www.espn.com/golf/story/_/id/26047757/tiger-woods-skip-honda-classic-play-arnold-palmer-invitational-players-championship,https://a2.espncdn.com/combiner/i?img=%2Fphoto%2F2019%2F0216%2Fr502700_1296x729_16%2D9.jpg
"https://facebook.com/670TheScore/, https://facebook.com/670thescore","GLENDALE, Ariz. (670 The Score) -- With the White Sox losing out in the Manny Machado sweepstakes, the path for touted infielder prospect Nick Madrigal ascending to the big leagues appears clear. The No. 4 overall pick in the 2018 amateur draft, Madrigal coul… [+2197 chars]","""This is a young man who is extremely gifted,"" Rick Renteria says.",2019-02-21T18:12:33Z,,Radio.com,Sox Prospect Nick Madrigal Not Far From Big Leagues - 670 The Score,https://670thescore.radio.com/white-sox-prospect-nick-madrigal-close-big-league-promotion,https://s3.us-east-2.amazonaws.com/s3.wscram.radio.com/Nick_Madrigal_4.jpg
Jack Benyon,"Daniel Ricciardo had set the second fastest time in the morning for Renault, but teammate Hulkenberg shone when he took the reins on Thursday afternoon. Using Pirellis softest tyres, the C5, he set the top time of 1m17.393s with an hour and a half to go, 0.24… [+3538 chars]",Renault Formula 1 driver Nico Hulkenberg snatched the fastest time of the first week of 2019 pre-season testing in Barcelona on the final day.,2019-02-21T18:02:53Z,,Motorsport.com,Hulkenberg tops opening week of Barcelona F1 testing - Motorsport.com,https://www.motorsport.com/f1/news/hulkenberg-renault-barcelona-test-day-four/4341907/,https://cdn-8.motorsport.com/images/amp/2549yeM0/s6/nico-hulkenberg-renault-f1-tea.jpg
bseltzer,"The 76ers have played the majority of their schedule, but the 24 games that remain figure to be the most telling yet. Going into last weeks All-Star Game break, the club was in a good place. At this stage of the year, their 37-21 record makes a top-five finis… [+3535 chars]","The 76ers have played the majority of their schedule, but the 24 games that remain figure to be the most telling yet.Going into last week’s All-Star Game break, the club was in a good place. At this stage of the year, their 37-21 record makes a top-five finis…",2019-02-21T17:32:54Z,,Nba.com,Setting Tone for Home Stretch | Philadelphia 76ers - Sixers.com,https://www.nba.com/sixers/news/setting-tone-home-stretch,https://www.nba.com/sixers/sites/sixers/files/styles/mobile__700x500_/public/red_vs_denver_2.8.19-52_0.jpg?itok=V8TwD3Hz
DJ Siddiqi,"It looks like LeBron James is turning on the jets for the playoff push. As the Los Angeles Lakers look to clinch a postseason berth for the first time in six years, they'll need a monumental effort from the four-time MVP in order to do so. The Lakers (28-29) … [+3057 chars]",LeBron understands the amount of work required to get 10th-place Los Angeles into the postseason,2019-02-21T17:28:00Z,,Cbssports.com,LeBron James says he's raising his intensity to playoff level as he prepares Lakers for second-half push - CBS Sports,https://www.cbssports.com/nba/news/lebron-james-says-hes-raising-his-intensity-to-playoff-level-as-he-prepares-lakers-for-second-half-push/,https://sportshub.cbsistatic.com/i/r/2019/02/21/b15a59a6-7435-4a60-b3fa-eb1ab75d3af7/thumbnail/770x433/48b832d31a8322032e019f6d921cbae0/lebron-intensity.jpg
Tom Ley,"Atletico Madrid put together an impressive 2-0 victory over Juventus in the Champions League yesterday, and manager Diego Simeone was caught, uh, expressing himself after José María Giménez put his team up 1-0 in the 78th minute. As you can see in the GIF abo… [+1036 chars]","Atletico Madrid put together an impressive 2-0 victory over Juventus in the Champions League yesterday, and manager Diego Simeone was caught, uh, expressing himself after José María Giménez put his team up 1-0 in the 78th minute. As you can see in the GIF abo…",2019-02-21T17:16:00Z,,Deadspin.com,"Diego Simeone Explains Ball-Grabbing Celebration: ""It Means We Have Balls, A Lot Of Balls"" - Deadspin",https://deadspin.com/diego-simeone-explains-ball-grabbing-celebration-it-m-1832788638,"https://i.kinja-img.com/gawker-media/image/upload/s--WSwp7IYe--/c_fill,fl_progressive,g_center,h_900,q_80,w_1600/zdcsjdc1zep5ruwnptva.jpg"
,"OWINGS MILLS, Md. -- The Baltimore Ravens and cornerback Tavon Young have agreed to a three-year, $25.8 million extension, a source told ESPN's Adam Schefter on Thursday. The deal, which has a max value of $29 million and will make Young the NFL's highest-pai… [+1361 chars]","Tavon Young, who had two fumble recoveries and an interception last season and has become one of the top nickelbacks in the NFL, has reached an extension with the Ravens, sources told ESPN.",2019-02-21T17:13:17Z,,Espn.com,"Baltimore Ravens, CB Tavon Young agree to extension - ESPN",http://www.espn.com/nfl/story/_/id/26047022/baltimore-ravens-cb-tavon-young-agree-extension,https://a2.espncdn.com/combiner/i?img=%2Fphoto%2F2017%2F0611%2Fr218781_1296x729_16%2D9.jpg
christinamontford,"Colin Kaepernick can now rest a little easier at night. On Friday, Kaepernick and Eric Reid settled their collusion case against the NFL. This settlement comes over 16 months after the complaint was filed. The complaint claimed that the NFL teams were working… [+2936 chars]",Which team will Colin Kaepernick sign with?,2019-02-21T17:13:13Z,,Cheatsheet.com,Is Colin Kaepernick Signing with the Patriots? - The Cheat Sheet,https://www.cheatsheet.com/entertainment/is-colin-kaepernick-signing-with-the-patriots.html/,https://www.cheatsheet.com/wp-content/uploads/2016/05/cs-logo.png
Stephen White,"Im honestly quite excited to see Ed Oliver develop on the next level because Im pretty sure he is about to take a huge leap forward as a player in the NFL. Oliver played the hell out of a zero nose in college, but I dont think anyone believes thats where hell… [+15301 chars]",Retired NFL lineman Stephen White breaks down why he’s so excited to see a team use Oliver the right way.,2019-02-21T17:08:22Z,,Sbnation.com,NFL Draft 2019: Ed Oliver can be a special pass rusher at next level - SB Nation,https://www.sbnation.com/nfl/2019/2/21/18232987/nfl-draft-2019-ed-oliver-scouting-report-breakdown-pass-rusher,https://cdn.vox-cdn.com/thumbor/ITweRqSNJ_D5cfBeBtsAdQNSb3E=/0x94:2000x1141/fit-in/1200x630/cdn.vox-cdn.com/uploads/chorus_asset/file/14138129/NFL_OS_Tier_2.jpg
,"Free agency is set to begin in just a few weeks, which means there are a whole lot of players around the league who will be finding new teams pretty soon. As recently as Wednesday, it appeared that New York Giants safety Landon Collins would be one of those p… [+2437 chars]",Collins does not want to be tagged and would reportedly skip out on spring activities if he is,2019-02-21T17:06:00Z,,Cbssports.com,"Franchise tag reportedly still likely for Landon Collins, even after locker clean-out - CBS Sports",https://www.cbssports.com/nfl/news/franchise-tag-reportedly-still-likely-for-landon-collins-even-after-locker-clean-out/,https://sportshub.cbsistatic.com/i/r/2018/04/11/0f38987c-f2d5-4a7d-801f-d9127fd7191d/thumbnail/770x433/b21d9c33e2495dded8ccb3f353c5fea2/usatsi-10499097.jpg
Andy Benoit,"Antonio Brown is available for trade, and predicting where he will land (or what the Steelers will get in return) is like guessing where the pill will stop on a roulette wheel. Never has the destination for an NFL star on the trading block been so difficult t… [+5179 chars]","Antonio Brown is the type of athlete that could fit into any team’s offensive scheme and, if the WR accepts a restructured contract, into any team’s payroll as well, which makes predicting a possible trade a more than difficult task.",2019-02-21T17:01:31Z,,Si.com,Best Landing Spot for Antonio Brown? Any of the NFL’s Other 31 Teams - Sports Illustrated,https://www.si.com/nfl/2019/02/21/antonio-brown-trade-steelers-landing-spots,https://imagesvc.timeincapp.com/v3/mm/image?url=https://cdn-s3.si.com/images/antonio-brown-trade-steelers-landing-spots-teams.jpg&w=1200&h=628&c=sc&poi=face&q=85
Matt Breen,"CLEARWATER, Fla. The sting of being outbid for Manny Machado proved to be enough motivation for the Phillies to heighten their pursuit of Bryce Harper, and a source said Thursday afternoon that they are confident they will sign the superstar outfielder. The P… [+3116 chars]","The Phillies are motivated by missing out on Manny Machado, and the market for competition appears to be thinning.",2019-02-21T16:58:23Z,,Philly.com,Phillies confident they will sign Bryce Harper as negotiations pick up - Philly.com,https://www.philly.com/phillies/bryce-harper-phillies-news-manny-machado-padres-20190221.html,https://www.philly.com/resizer/H3wnGsgfjJvH08oXWIc9mdyb7Jg=/1200x0/center/middle/www.philly.com/resizer/KLJP9b97GfzgCadcaOnMCk2lOcY=/1200x0/center/middle/arc-anglerfish-arc2-prod-pmn.s3.amazonaws.com/public/GHO5KNYPQRHQNJVD72ETFHQXZ4.jpg
Paul Doyle,Mauricio Pochettino has praised the animal qualities that have enabled Harry Kane to fight back from an ankle injury to the point where he could return to action at Burnley on Saturday. The striker has missed seven Spurs matches since damaging the ankle in th… [+1798 chars],Tottenham’s manager Mauricio Pochettino will be the one who has the final say on whether Harry Kane will feature in the squad at Burnley on Saturday,2019-02-21T16:38:00Z,the-guardian-au,The Guardian (AU),"‘I’ve had to hold back animal Harry Kane’s Spurs return,’ says Pochettino - The Guardian",https://www.theguardian.com/football/2019/feb/21/ive-had-to-hold-back-animal-harry-kanes-tottenham-return-says-pochettino,https://i.guim.co.uk/img/media/886d02a3813fa3661436f45b2f3fc21b19e022e6/0_159_5184_3110/master/5184.jpg?width=1200&height=630&quality=85&auto=format&fit=crop&overlay-align=bottom%2Cleft&overlay-width=100p&overlay-base64=L2ltZy9zdGF0aWMvb3ZlcmxheXMvdGctZGVmYXVsdC5wbmc&s=54711becf4248b605987a9752b59e305
,"ENGLEWOOD, Colo. -- After one season as the starter, Denver Broncos quarterback Case Keenum said he was ""definitely shocked"" and ""disappointed"" that the team has the framework of a trade in place with the Baltimore Ravens to acquire Joe Flacco. The Broncos si… [+4021 chars]","Case Keenum says he's ""shocked"" over the Broncos' yet-to-be-finalized trade for Joe Flacco and that he's still unsure of what's next after talking to GM John Elway.",2019-02-21T16:37:42Z,,Espn.com,"Case Keenum has talked to Denver Broncos GM John Elway, 'shocked' by Joe Flacco trade - ESPN",http://www.espn.com/nfl/story/_/id/26046743/case-keenum-talked-denver-broncos-gm-john-elway-shocked-joe-flacco-trade,https://a4.espncdn.com/combiner/i?img=%2Fphoto%2F2018%2F0402%2Fr350629_1296x729_16%2D9.jpg
Sporting News,More,"There were a number of impressive tactical performances from managers in the last 16 first legs, with the bosses of Atletico, PSG & Spurs standing out",2019-02-21T16:23:00Z,,Goal.com,Lionel Messi news: Lyon defender Marcelo says Kylian Mbappe more difficult to play against than Barcelona star & tips him to become world's best - Goal.com,https://www.goal.com/en-us/news/marcelo-mbappe-more-difficult-to-play-against-than-messi-he/1rq71rb9yt12o1m7e16kz2c2eq,http://st.snimg.com/image/logo/sn-social.png
,"The NHL trade deadline is just a week away and this is shaping up to be one of the more interesting deadline days in recent memory. There are a number of big names that could potentially get moved on (or before) Feb. 25, and there are a number of teams that a… [+6845 chars]",There's potential for a number of teams to get way scarier at this year's deadline,2019-02-21T16:07:00Z,,Cbssports.com,NHL trade deadline 2019: Nine deals we're rooting for with an eye on the Stanley Cup Playoffs - CBS Sports,https://www.cbssports.com/nhl/news/nhl-trade-deadline-2019-nine-deals-were-rooting-for-with-an-eye-on-the-stanley-cup-playoffs/,https://sportshub.cbsistatic.com/i/r/2019/02/18/78c893b2-5b48-4eff-9d64-2b07c5ca2208/thumbnail/770x433/955792d8776e276cab2303f8ef100d73/panarinnyi.jpg
Colin M. Damms,When he struts he is some player. Peter Drurys remarks as Manchester United cruised to victory over BSC Young Boys to open their UEFA Champions League campaign couldnt have been more indicative of the narrative surrounding Paul Pogba s United career. It was o… [+3952 chars],"The World Cup winner is unstoppable at the moment, and is worthy of award recognition",2019-02-21T16:00:00Z,,Sbnation.com,Paul Pogba should be a serious candidate for PFA Player of the Year - The Busby Babe,https://thebusbybabe.sbnation.com/2019/2/21/18212200/paul-pogba-should-be-a-serious-candidate-for-pfa-player-of-the-year,https://cdn.vox-cdn.com/thumbor/IXorG3qy0-V4REn9EwB9A0muz-w=/0x363:4689x2818/fit-in/1200x630/cdn.vox-cdn.com/uploads/chorus_asset/file/13748458/1075928838.jpg.jpg
,"Programming note: Watch the pregame edition of Warriors Outsiders tonight at 6 p.m. PT, streaming live on the MyTeams app. Is Steph Curry better now than he was during the 2015-16 season? Let's compare his numbers pre All-Star break: -2015-16 = 29.8 points, 6… [+1903 chars]","If there's anything we've learned this NBA season, it's players can't avoid questions regarding free agency.",2019-02-21T15:42:06Z,,Nbcsports.com,Kyrie frustrated with questions about friendly KD video - NBCSports.com,https://www.nbcsports.com/bayarea/warriors/kyrie-irving-frustrated-free-agency-questions-about-kevin-durant-video,https://www.nbcsports.com/bayarea/sites/csnbayarea/files/2019/02/21/kdkyrieus.jpg
Chris Medland,"Ferrari has been hiding plenty of pace so far in pre-season testing and expects Mercedes and Red Bull have been doing the same, according to Charles Leclerc. The first test was comfortably led by Ferrari on the opening two days, with high mileage and impressi… [+2334 chars]","Ferrari has been hiding plenty of pace so far in pre-season testing and expects Mercedes and Red Bull have been doing the same, according to Charles Leclerc. The first test was comfortably led by F…",2019-02-21T15:37:48Z,,Racer.com,"Ferrari sandbagging, just like rivals – Leclerc - Racer",https://racer.com/2019/02/21/ferrari-sandbagging-just-like-rivals-leclerc/,https://racerdigital.files.wordpress.com/2019/02/leclerc.jpg?w=1000&h=576&crop=1
,"As the NBA's popularity has increased, so too has the level of coverage, to the point that there never really is a break from news. Even once-distinct segments of the NBA calendar have started running together, where free agency speculation begins months, eve… [+3561 chars]",Irving and Durant were filmed talking in the tunnel during All-Star Weekend,2019-02-21T15:23:00Z,,Cbssports.com,Celtics' Kyrie Irving doesn't want to talk about viral video of conversation with Kevin Durant: 'It's just crazy' - CBS Sports,https://www.cbssports.com/nba/news/celtics-kyrie-irving-doesnt-want-to-talk-about-viral-video-of-conversation-with-kevin-durant-its-just-crazy/,https://sportshub.cbsistatic.com/i/r/2019/02/21/e2870ebf-15ce-432b-b2fe-22a10f879b0a/thumbnail/770x433/c11d1ca8fd60b5b37e6cf3c449b8504b/kyrie.jpg
Mike Florio,"Bob Stoops was the first. Pep Hamilton will be the second. By the end of next month, six more will be named. That’s the timetable for the XFL’s announcement of the coaches who will be running the eight charter franchises of the resurrected football league, ac… [+879 chars]","Bob Stoops was the first. Pep Hamilton will be the second. By the end of next month, six more will be named. That’s the timetable for the XFL’s announcement of the coaches who will be running the eight charter franchises of the resurrected football league, ac…",2019-02-21T15:00:00Z,,Nbcsports.com,XFL to name all head coaches by the end of March - NBC Sports,http://profootballtalk.nbcsports.com/2019/02/21/xfl-to-name-all-head-coaches-by-the-end-of-march/,https://nbcprofootballtalk.files.wordpress.com/2019/02/gettyimages-135746118-e1550761105287.jpg
Michael David Smith,"The Jets have frequently been mentioned as a potential suitor for free agent running back Le'Veon Bell, but there may be at least one reason the Jets are hesitant. Or possibly 260 reasons: According to Manish Mehta of the New York Daily News, there was “word … [+757 chars]","The Jets have frequently been mentioned as a potential suitor for free agent running back Le'Veon Bell, but there may be at least one reason the Jets are hesitant. Or possibly 260 reasons: According to Manish Mehta of the New York Daily News, there was “word …",2019-02-21T14:11:00Z,,Nbcsports.com,Report: Jets concerned Le’Veon Bell let himself get out of shape - NBC Sports,http://profootballtalk.nbcsports.com/2019/02/21/report-jets-concerned-leveon-bell-let-himself-get-out-of-shape/,https://nbcprofootballtalk.files.wordpress.com/2019/02/gettyimages-458697552-e1550758290774.jpg
Chris Carlson | ccarlson@syracuse.com,"Syracuse, N.Y. -- Syracuse forward Elijah Hughes insists he doesnt feel pressure. Not after his shooting percentages dropped over the previous six games, contributing to three blowout losses against ACC opponents. And not after he missed his first five 3-poin… [+4228 chars]",Syracuse forward Elijah Hughes pumped his fist and let out a shout. Then his shots started falling again.,2019-02-21T14:07:00Z,,Syracuse.com,"With a roar and a punch, Syracuse's Elijah Hughes got his groove back - syracuse.com",https://www.syracuse.com/orangebasketball/2019/02/with-a-roar-and-a-punch-syracuses-elijah-hughes-got-his-groove-back.html,https://i.syracuse.com/resizer/7FSunel3EPlP8F0Dm4czlPGswKA=/620x0/arc-anglerfish-arc2-prod-advancelocal/public/JHPXF3CPOZHGBEDCSIDJNHHNNU.jpg
Marcus Allen Krause,"Raiders State of the Position Review: Quarterback With free agency only two weeks away, Raiders Wire will be reviewing every position and examine which position require upgrades. Why Raiders will keep close eye on NFL franchise tags in 2019 offseason | NBCS B… [+2635 chars]","Raiders News Raiders State of the Position Review: QuarterbackWith free agency only two weeks away, Raiders Wire will be reviewing every position and examine which position require upgrades. Why...",2019-02-21T14:05:51Z,,Silverandblackpride.com,Raiders News 2/21: Raiders S Karl Joseph recruiting Steelers WR Antonio Brown on Instagram - Silver And Black Pride,https://www.silverandblackpride.com/2019/2/21/18234525/silver-mining-2-21-raiders-s-karl-joseph-recruiting-steelers-wr-antonio-brown-on-instagram,https://cdn.vox-cdn.com/thumbor/C55gEXQyAfUx_KrVQeMAM9gR7NU=/0x318:2184x1461/fit-in/1200x630/cdn.vox-cdn.com/uploads/chorus_asset/file/14124978/usa_today_8912782.jpg
Chris Roling,"Mark Tenally/Associated Press To-Do List: Figure out quarterback Nail down a productive receiver Find a starting guard Alex Smith's leg injury threw a serious wrench in the Washington Redskins' plans, leaving the team with Colt McCoy as the starter in the int… [+997 chars]","While the offseason might seem like an excruciating slog to fans, it's an unending sprint of important landmarks for  NFL  teams that hope to craft a competitive roster before the next season begins...",2019-02-21T13:47:53Z,bleacher-report,Bleacher Report,Every NFL Team's 2019 Offseason To-Do List - Bleacher Report,https://bleacherreport.com/articles/2821200-every-nfl-teams-2019-offseason-to-do-list,https://img.bleacherreport.net/img/slides/photos/004/335/777/f101df018b7bf48bf3e6ee02a626e754_crop_exact.jpg?w=1200&h=1200&q=75
Kyle Austin | kyleaustin2@mlive.com,"EAST LANSING -- Four days before a top-10 matchup with Michigan, Michigan State may have lost yet another player to injury. Spartans guard Kyle Ahrens was unable to check in late in Michigan State's Wednesday win over Rutgers after aggravating a back injury d… [+2137 chars]",Ahrens has already missed three games this year with back issues,2019-02-21T12:43:00Z,,Mlive.com,Kyle Ahrens hurts back again in Michigan State's win over Rutgers - MLive.com,https://www.mlive.com/spartans/2019/02/kyle-ahrens-hurts-back-again-in-michigan-states-win-over-rutgers.html,https://i.mlive.com/resizer/95KezjTTKTif2FCx19VAE6RJC1M=/620x0/arc-anglerfish-arc2-prod-advancelocal/public/QPYSG6EMDVGYXPI47SGCRWYG7Y.JPG
AFP,"Skateboarding, sport climbing and surfing, which have already been added to the programme for the 2020 Tokyo Olympics, have been invited to return in Paris four years later. Tony Estanguet, the head of the Paris 2024 organising committee and a former Olympic … [+2338 chars]","Breakdancing is set to make its debut as an Olympic sport at Paris 2024, the head of the local organising committee said Thursday, whilst members of the public will be able to race the marathon course for the first time.",2019-02-21T12:24:17Z,,Thelocal.fr,Paris Olympics to include breakdancing and allow public to run marathon course - The Local France,https://www.thelocal.fr/20190221/paris-olympics-marathon-race-to-be-open-to-the-public,https://www.thelocal.fr/userdata/images/article/8a2eb7b489a534564485a6afc3ebc6a142cecc4f784692ea0109ee3e9086136c.jpg
Jason Anderson,"Two wondrous years have passed since the Kings traded brooding big man DeMarcus Cousins to the New Orleans Pelicans. Cousins loomed ominously over this organization for nearly seven seasons, scowling, glaring and glowering at anyone who bleated a whistle or p… [+5030 chars]",The Sacramento Kings traded brooding big man DeMarcus Cousins two years ago. General manager Vlade Divac won the trade and brought back ‘beautiful basketball’ with a commitment to culture and character.,2019-02-21T11:55:00Z,,Sacbee.com,Sacramento Kings: How Vlade Divac won DeMarcus Cousins trade - Sacramento Bee,https://www.sacbee.com/sports/nba/sacramento-kings/article226557495.html,https://www.sacbee.com/latest-news/fkxm97/picture226558225/alternates/LANDSCAPE_1140/IMG_20181017_PK_KINGSJAZ_3_1_JBF50HKA_L444048592.JPG
SkyonAir,"First Period: The game got off to a hot start, with both sides trading chances but mostly Vegas getting the lions share, until about halfway through the period when Jake DeBrusk remained as hot as hes been by pressing the spin button on his controller and get… [+2298 chars]","First Period: The game got off to a hot start, with both sides trading chances but mostly Vegas getting the lion’s share, until about halfway through the period when Jake DeBrusk remained as hot as...",2019-02-21T11:00:00Z,,Stanleycupofchowder.com,Bruins vs. Golden Knights RECAP: Backes’ Shootout goal keeps the win streak alive! Bruins win 3-2! - Stanley Cup of Chowder,https://www.stanleycupofchowder.com/2019/2/21/18234368/boston-bruins-las-vegas-golden-knights-recap-backes-shootout-goal-win,https://cdn.vox-cdn.com/thumbor/RJRLh_ib0GmowEckhmQWXMQ-PzA=/0x0:2400x1257/fit-in/1200x630/cdn.vox-cdn.com/uploads/chorus_asset/file/14094981/usa_today_12201876.jpg
Jacob Murtagh,"Mesut Ozil is fit and raring to go ahead of Thursday night's Europa League clash against BATE Borisov. The German missed last week's round of 32 first-leg defeat to as he was still feeling the effects of a sickness bug, with Unai Emery opting to leave Arsenal… [+1710 chars]",The midfielder could return to the starting XI for the Europa League last 32 second leg at the Emirates,2019-02-21T09:19:00Z,mirror,Mirror,Mesut Ozil sends defiant message ahead of Arsenal's clash with BATE Borisov - Mirror Online,https://www.mirror.co.uk/sport/football/news/mesut-ozil-sends-defiant-message-14030374,https://i2-prod.mirror.co.uk/incoming/article14026386.ece/ALTERNATES/s1200/0_Arsenal-Training-and-Press-Conference.jpg
Harrison Faigen,"LeBron James is in his first season with the Los Angeles Lakers, and by extension, his first campaign in the Western Conference. This change has put him in a position he doesnt normally find himself in at this point in the season: Desperately fighting for a p… [+3243 chars]","Josh Hart thinks that LeBron James has what it takes to go up another level, but both he and Luke Walton know the Lakers are better off if they can save some of the burden on the star Lakers forward until the postseason.",2019-02-21T03:02:00Z,,Silverscreenandroll.com,"Josh Hart says Lakers can’t save anything for the playoffs, but Luke Walton says everyone — not just LeBron J… - Silver Screen and Roll ",https://www.silverscreenandroll.com/2019/2/20/18234114/josh-hart-lakers-cant-save-anything-playoffs-luke-walton-lebron-james-share-load-stats-practice,https://cdn.vox-cdn.com/thumbor/CeHOqmS6FpjlJdzkUD6uRxPTJ1g=/0x0:3000x1571/fit-in/1200x630/cdn.vox-cdn.com/uploads/chorus_asset/file/13232429/1044918904.jpg.jpg
Bob Redman,"(Photo: Marvin Gentry, USA TODAY Sports) Not many gave them a chance, but the Florida Gators (15-11, 7-6 SEC) had an early lead on the road at No. 13 LSU Tigers (21-5, 11-2 SEC) and the Tigers carved away at the lead, and took their own lead in the second hal… [+5584 chars]",The Gators get their third win in a row Wednesday night and biggest win of the year  in Baton Rouge.,2019-02-21T02:38:24Z,,247sports.com,Gators shock No. 13 LSU on the road 82-77 in OT - 247Sports,https://247sports.com/college/florida/Article/Florida-Gators-Basketball-UF-shocks-No-13-LSU-on-the-road-82-77-129320470/,"https://s3media.247sports.com/Uploads/Assets/766/65/9065766.jpg?fit=bounds&crop=1200:630,offset-y0.50&width=1200&height=630"
Associated Press,"KENOSHA, Wis. (AP) A Wisconsin high school is ending cheerleading awards given annually to girls with the largest breasts or buttocks dubbed Big Booty and Big Boobie after the American Civil Liberties Union demanded action following repeated complaints from p… [+2955 chars]","A human resources official met with the cheerleading coach and directed her to resign. However, she has continued coaching the cheerleading squad, the ACLU said.",2019-02-21T00:29:42Z,,Snopes.com,Wisconsin School Ends Cheerleading Awards for Body Parts - Snopes.com,https://www.snopes.com/ap/2019/02/20/wisconsin-school-ends-cheerleading-awards-for-body-parts/,"https://www.snopes.com/tachyon/2019/02/cheerleader-cheerleading-fog-light-shadow.jpg?fit=1200,628"
,"Subscribe to ESPN+ to get access to all premium articles, Fantasy tools, plus thousands of live sporting events and ESPN Originals for just $4.99/mo! Already an ESPN+ subscriber? Log in here.","Boston added a versatile forward, but it paid a stiff price to Minnesota. We grade both GMs on the deal.",2019-02-21T00:12:13Z,,Espn.com,Bruins misfire in Charlie Coyle-Ryan Donato swap - ESPN,http://www.espn.com/nhl/insider/story/_/id/26041193/trade-grades-bruins-misfire-charlie-coyle-ryan-donato-swap,https://a.espncdn.com/combiner/i?img=%2Fphoto%2F2019%2F0221%2Fr504548_1296x729_16%2D9.jpg
,"Boston Celtics forward Gordon Hayward sprained his ankle during a workout Tuesday, coach Brad Stevens said, and is listed as questionable for Thursday's game against the Milwaukee Bucks. Stevens, speaking Wednesday on 98.5 The Sports Hub, said the injury was … [+536 chars]",Celtics forward Gordon Hayward sprained his right ankle during a workout Tuesday and is questionable for Thursday's game against the Bucks.,2019-02-20T23:06:53Z,,Espn.com,"Celtics' Gordon Hayward sprains ankle in workout, questionable vs. Bucks - ESPN",http://www.espn.com/nba/story/_/id/26040768/celtics-gordon-hayward-sprains-ankle-workout-questionable-vs-bucks,https://a2.espncdn.com/combiner/i?img=%2Fphoto%2F2019%2F0220%2Fr504505_1296x729_16%2D9.jpg
,,,2019-02-20T22:12:31Z,fox-news,Fox News,Barack Obama slams pop culture for foisting bad values on young men - Fox News,https://www.foxnews.com/entertainment/barackobama-slams-pop-culture-for-foisting-bad-values-on-young-men,
Bailey Johnson,"With just five regular-season games left, Michigan is in a three-way tie with Purdue and Michigan State at the top of the Big Ten standings. But it isnt just those three teams that have a chance at winning the league. Maryland sits 1.5 games back, and Wiscons… [+1050 chars]","With just five regular-season games left, Michigan is in a three-way tie with Purdue and Michigan State at the top of the Big Ten standings. But it isn’t just those three teams that have a chance at winning the league. Maryland sits 1.5 games back, and Wiscon…",2019-02-20T21:57:25Z,,Umhoops.com,Beilein looking for outliers in regular-season stretch run - UM Hoops,https://umhoops.com/2019/02/20/beilein-looking-unexpected-outliers-stretch/,https://umhoops.com/wp-content/uploads/2018/12/Michigan-76-Purdue-57-24-1000x600.jpg
,,,2019-02-20T21:00:08Z,,Youtube.com,Liverpool v. Manchester United | PREMIER LEAGUE CLASSIC MATCH | 12/6/97 | NBC Sports - NBC Sports,https://www.youtube.com/watch?v=v0iTnyhP3WY,
https://facebook.com/pages/971-The-Ticket/115517211842908,"In case you hadn't noticed, it's mock draft season in the NFL. Every week brings a new batch of projections, and they won't stop coming until the actual draft kicks off April 25. With the Lions picking eighth overall, interest is particularly high locally. Wi… [+3268 chars]","""Going local always feels easy for the Lions for some reason.""",2019-02-20T19:51:13Z,,Radio.com,"With Eighth Overall Pick, Lions Select...Rashan Gary? - 97.1 The Ticket",https://971theticket.radio.com/articles/eighth-overall-pick-lions-selectrashan-gary,https://s3.us-east-2.amazonaws.com/s3.wxytfm.radio.com/AP17233554296431.jpg
3k,"With the 2019 NFL Scouting Combine set to begin in less than a week, were closing in on the next opportunity for Los Angeles Rams Head Coach Sean McVay and General Manager Les Snead to talk to the media. No doubt, the primary line of questioning, at least for… [+4018 chars]",The Rams are trying out their newest talking points on the NFL’s most mysterious knee of 2018.,2019-02-20T19:31:54Z,,Turfshowtimes.com,NFL Network’s Steve Wyche on Todd Gurley: “A wear and tear issue” - Turf Show Times,https://www.turfshowtimes.com/2019/2/20/18233562/la-rams-rb-todd-gurley-injury-super-bowl-liii-nfl-network-steve-wyche-wear-and-tear-c-j-anderson,https://cdn.vox-cdn.com/thumbor/Y3ffZKprNA3lNrdVpLboexNJAEM=/0x387:2225x1552/fit-in/1200x630/cdn.vox-cdn.com/uploads/chorus_asset/file/14051294/usa_today_12143993.jpg
Tim Benz,,"Now that “Mr. Big Chest” has spoken, the path for the Pittsburgh Steelers appears to be clear. Antonio Brown posted a photo of himself with team owner Art Rooney II on social media Tuesday. Had a great meeting with Mr.Rooney today we discussed a lot of things…",2019-02-20T11:09:47Z,,Triblive.com,Tim Benz: Antonio Brown getting his way doesn't mean Steelers lose - Tribune-Review,https://triblive.com/sports/tim-benz-antonio-brown-getting-his-way-doesnt-mean-steelers-lose/,https://triblive.com/wp-content/uploads/2019/02/775306_web1_AP_18322833834025.jpg
Chris Beesley,Liverpool defender Joel Matip has come under fire for supposedly taking unnecessary risks in his side's goalless draw with Bayern Munich at Anfield. The first leg of the Champions League last 16 tie ended in a stalemate but the visitors were almost gifted wha… [+1475 chars],Reds defender under fire after almost gifting Champions League opponents crucial away goal,2019-02-20T08:48:00Z,,Liverpoolecho.co.uk,Liverpool player slammed for taking huge risk against Bayern - Liverpool Echo,https://www.liverpoolecho.co.uk/sport/football/football-news/liverpool-player-slammed-taking-huge-15857100,https://i2-prod.liverpoolecho.co.uk/incoming/article15857107.ece/ALTERNATES/s1200/0_JS175550367.jpg
